
> pms_clone@0.0.0 dev
> vite --host 127.0.0.1 --port 54798 --strictPort


  [32m[1mVITE[22m v8.0.12[39m  [2mready in [0m[1m212[22m[2m[0m ms[22m

  [32m➜[39m  [1mLocal[22m:   [36mhttp://127.0.0.1:[1m54798[22m/[39m
[2m18:58:26[22m [36m[1m[vite][22m[39m [90m[2m(client)[22m[39m [32mhmr update [39m[2m/src/pages/ShiftRecordPage.css[22m
[2m18:59:24[22m [36m[1m[vite][22m[39m [90m[2m(client)[22m[39m [32mpage reload [39m[2martifacts/dom-snapshots/baobiao--tongji-baobiao--tongji-gailan/default-clone-20260519-185921-page.html[22m
[2m18:59:26[22m [36m[1m[vite][22m[39m [90m[2m(client)[22m[39m [32mpage reload [39m[2martifacts/dom-snapshots/baobiao--tongji-baobiao--tongji-gailan/future-tab-clone-20260519-185921-page.html[22m
[2m18:59:28[22m [36m[1m[vite][22m[39m [90m[2m(client)[22m[39m [32mpage reload [39m[2martifacts/dom-snapshots/baobiao--tongji-baobiao--tongji-gailan/today-filter-clone-20260519-185921-page.html[22m
[2m18:59:30[22m [36m[1m[vite][22m[39m [90m[2m(client)[22m[39m [32mpage reload [39m[2martifacts/dom-snapshots/baobiao--tongji-baobiao--tongji-gailan/month-filter-clone-20260519-185921-page.html[22m
[2m18:59:32[22m [36m[1m[vite][22m[39m [90m[2m(client)[22m[39m [32mpage reload [39m[2martifacts/dom-snapshots/baobiao--tongji-baobiao--tongji-gailan/store-filter-clone-20260519-185921-page.html[22m
[2m18:59:34[22m [36m[1m[vite][22m[39m [90m[2m(client)[22m[39m [32mpage reload [39m[2martifacts/dom-snapshots/ai-quanyu-leida--shuju-yu-peizhi--quanyu-shuju/success-clone-20260519-preview-success-page.html[22m
[2m18:59:38[22m [36m[1m[vite][22m[39m [90m[2m(client)[22m[39m [32mpage reload [39m[2martifacts/dom-snapshots/ai-quanyu-leida--shuju-yu-peizhi--quanyu-shuju/empty-clone-20260519-preview-empty-page.html[22m
[2m18:59:39[22m [36m[1m[vite][22m[39m [90m[2m(client)[22m[39m [32mpage reload [39m[2martifacts/dom-snapshots/zhihui-jiudian--zhizhu-yu-yingjian--psb-gongan-duijie/default-clone-20260520-preview-audit-page.html[22m
[2m18:59:43[22m [36m[1m[vite][22m[39m [90m[2m(client)[22m[39m [32mpage reload [39m[2martifacts/dom-snapshots/ai-quanyu-leida--shuju-yu-peizhi--quanyu-shuju/error-clone-20260519-preview-error-page.html[22m
[2m18:59:50[22m [36m[1m[vite][22m[39m [90m[2m(client)[22m[39m [32mpage reload [39m[2martifacts/dom-snapshots/baobiao--yushouquan-shuju--yushouquan-xiaoshou-tongji/empty-clone-20260519191110-page.html[22m
[2m18:59:50[22m [36m[1m[vite][22m[39m [90m[2m(client)[22m[39m [32mpage reload [39m[2martifacts/dom-snapshots/baobiao--yushouquan-shuju--yushouquan-xiaoshou-tongji/error-clone-20260519191210-page.html[22m
[2m18:59:50[22m [36m[1m[vite][22m[39m [90m[2m(client)[22m[39m [32mpage reload [39m[2martifacts/dom-snapshots/baobiao--yushouquan-shuju--yushouquan-xiaoshou-tongji/success-clone-20260519191010-page.html[22m
[2m18:59:51[22m [36m[1m[vite][22m[39m [90m[2m(client)[22m[39m [32mpage reload [39m[2martifacts/dom-snapshots/ai-quanyu-leida--shuju-yu-peizhi--quanyu-shuju/interaction-clone-20260519-preview-interaction-page.html[22m
[2m18:59:53[22m [36m[1m[vite][22m[39m [90m[2m(client)[22m[39m [32mpage reload [39m[2martifacts/dom-snapshots/zhihui-jiudian--zhizhu-yu-yingjian--psb-gongan-duijie/primary-action-clone-20260520-preview-audit-page.html[22m
[2m18:59:54[22m [36m[1m[vite][22m[39m [90m[2m(client)[22m[39m [32mpage reload [39m[2martifacts/dom-snapshots/baobiao--tongji-baobiao--tongji-gailan/default-clone-20260519-185951-page.html[22m
[2m18:59:56[22m [36m[1m[vite][22m[39m [90m[2m(client)[22m[39m [32mpage reload [39m[2martifacts/dom-snapshots/baobiao--tongji-baobiao--tongji-gailan/future-tab-clone-20260519-185951-page.html[22m
[2m18:59:58[22m [36m[1m[vite][22m[39m [90m[2m(client)[22m[39m [32mpage reload [39m[2martifacts/dom-snapshots/baobiao--tongji-baobiao--tongji-gailan/today-filter-clone-20260519-185951-page.html[22m
[2m19:00:00[22m [36m[1m[vite][22m[39m [90m[2m(client)[22m[39m [32mpage reload [39m[2martifacts/dom-snapshots/baobiao--tongji-baobiao--tongji-gailan/month-filter-clone-20260519-185951-page.html[22m
[2m19:00:02[22m [36m[1m[vite][22m[39m [90m[2m(client)[22m[39m [32mpage reload [39m[2martifacts/dom-snapshots/baobiao--tongji-baobiao--tongji-gailan/store-filter-clone-20260519-185951-page.html[22m
[2m19:00:05[22m [36m[1m[vite][22m[39m [90m[2m(client)[22m[39m [32mpage reload [39m[2martifacts/dom-snapshots/baobiao--tongji-baobiao--tongji-gailan/room-type-filter-clone-20260519-185951-page.html[22m
[2m19:00:07[22m [36m[1m[vite][22m[39m [90m[2m(client)[22m[39m [32mpage reload [39m[2martifacts/dom-snapshots/baobiao--tongji-baobiao--tongji-gailan/channel-filter-clone-20260519-185951-page.html[22m
[2m19:00:09[22m [36m[1m[vite][22m[39m [90m[2m(client)[22m[39m [32mpage reload [39m[2martifacts/dom-snapshots/baobiao--tongji-baobiao--tongji-gailan/tag-filter-clone-20260519-185951-page.html[22m
[2m19:00:11[22m [36m[1m[vite][22m[39m [90m[2m(client)[22m[39m [32mpage reload [39m[2martifacts/dom-snapshots/baobiao--tongji-baobiao--tongji-gailan/income-chart-tab-clone-20260519-185951-page.html[22m
[2m19:00:13[22m [36m[1m[vite][22m[39m [90m[2m(client)[22m[39m [32mpage reload [39m[2martifacts/dom-snapshots/baobiao--tongji-baobiao--tongji-gailan/occ-chart-tab-clone-20260519-185951-page.html[22m
[2m19:00:15[22m [36m[1m[vite][22m[39m [90m[2m(client)[22m[39m [32mpage reload [39m[2martifacts/dom-snapshots/baobiao--tongji-baobiao--tongji-gailan/adr-chart-tab-clone-20260519-185951-page.html[22m
[2m19:00:17[22m [36m[1m[vite][22m[39m [90m[2m(client)[22m[39m [32mpage reload [39m[2martifacts/dom-snapshots/baobiao--tongji-baobiao--tongji-gailan/revpar-chart-tab-clone-20260519-185951-page.html[22m
[2m19:00:41[22m [36m[1m[vite][22m[39m [90m[2m(client)[22m[39m [32mhmr update [39m[2m/src/pages/ShiftRecordPage.css[22m
[2m19:00:49[22m [36m[1m[vite][22m[39m [90m[2m(client)[22m[39m [32mpage reload [39m[2martifacts/dom-snapshots/baobiao--tongji-baobiao--tongji-gailan/default-target-20260519-190042-page.html[22m
[2m19:00:55[22m [36m[1m[vite][22m[39m [90m[2m(client)[22m[39m [32mpage reload [39m[2martifacts/dom-snapshots/baobiao--tongji-baobiao--tongji-gailan/future-tab-target-20260519-190042-page.html[22m
[2m19:01:00[22m [36m[1m[vite][22m[39m [90m[2m(client)[22m[39m [32mpage reload [39m[2martifacts/dom-snapshots/baobiao--tongji-baobiao--tongji-gailan/today-filter-target-20260519-190042-page.html[22m
[2m19:01:05[22m [36m[1m[vite][22m[39m [90m[2m(client)[22m[39m [32mpage reload [39m[2martifacts/dom-snapshots/baobiao--tongji-baobiao--tongji-gailan/month-filter-target-20260519-190042-page.html[22m
[2m19:01:11[22m [36m[1m[vite][22m[39m [90m[2m(client)[22m[39m [32mpage reload [39m[2martifacts/dom-snapshots/baobiao--tongji-baobiao--tongji-gailan/store-filter-target-20260519-190042-page.html[22m
[2m19:01:20[22m [36m[1m[vite][22m[39m [90m[2m(client)[22m[39m [32mpage reload [39m[2martifacts/dom-snapshots/baobiao--tongji-baobiao--tongji-gailan/room-type-filter-target-20260519-190042-page.html[22m
[2m19:01:29[22m [36m[1m[vite][22m[39m [90m[2m(client)[22m[39m [32mpage reload [39m[2martifacts/dom-snapshots/baobiao--tongji-baobiao--tongji-gailan/channel-filter-target-20260519-190042-page.html[22m
[2m19:01:31[22m [36m[1m[vite][22m[39m [90m[2m(client)[22m[39m [32mpage reload [39m[2martifacts/dom-snapshots/ai-quanyu-leida--shuju-yu-peizhi--quanyu-shuju/default-target-20260519-preview-target-page.html[22m
[2m19:01:39[22m [36m[1m[vite][22m[39m [90m[2m(client)[22m[39m [32mpage reload [39m[2martifacts/dom-snapshots/baobiao--tongji-baobiao--tongji-gailan/tag-filter-target-20260519-190042-page.html[22m
[2m19:01:44[22m [36m[1m[vite][22m[39m [90m[2m(client)[22m[39m [32mpage reload [39m[2martifacts/dom-snapshots/baobiao--tongji-baobiao--tongji-gailan/income-chart-tab-target-20260519-190042-page.html[22m
[2m19:01:49[22m [36m[1m[vite][22m[39m [90m[2m(client)[22m[39m [32mpage reload [39m[2martifacts/dom-snapshots/baobiao--tongji-baobiao--tongji-gailan/occ-chart-tab-target-20260519-190042-page.html[22m
[2m19:01:55[22m [36m[1m[vite][22m[39m [90m[2m(client)[22m[39m [32mpage reload [39m[2martifacts/dom-snapshots/baobiao--tongji-baobiao--tongji-gailan/adr-chart-tab-target-20260519-190042-page.html[22m
[2m19:02:00[22m [36m[1m[vite][22m[39m [90m[2m(client)[22m[39m [32mpage reload [39m[2martifacts/dom-snapshots/baobiao--tongji-baobiao--tongji-gailan/revpar-chart-tab-target-20260519-190042-page.html[22m
[2m19:02:04[22m [36m[1m[vite][22m[39m [90m[2m(client)[22m[39m [32mhmr update [39m[2m/src/pages/HouseMonthsPage.tsx[22m
[2m19:02:19[22m [36m[1m[vite][22m[39m [90m[2m(client)[22m[39m [32mpage reload [39m[2martifacts/dom-snapshots/baobiao--yushouquan-shuju--yushouquan-xiaoshou-tongji/orders-tab-target-20260519183710-page.html[22m
[2m19:03:10[22m [36m[1m[vite][22m[39m [90m[2m(client)[22m[39m [32mhmr update [39m[2m/src/pages/PresaleSalesReportPage.tsx[22m
[2m19:03:24[22m [36m[1m[vite][22m[39m [90m[2m(client)[22m[39m [32mhmr update [39m[2m/src/pages/HouseMonthsPage.tsx[22m
[2m19:03:54[22m [36m[1m[vite][22m[39m [90m[2m(client)[22m[39m [32mhmr update [39m[2m/src/pages/PresaleSalesReportPage.css[22m
[2m19:04:21[22m [36m[1m[vite][22m[39m [90m[2m(client)[22m[39m [32mhmr update [39m[2m/src/pages/HouseMonthsPage.tsx[22m
[2m19:04:42[22m [36m[1m[vite][22m[39m [90m[2m(client)[22m[39m [32mhmr update [39m[2m/src/pages/HouseMonthsPage.css[22m
[2m19:05:22[22m [36m[1m[vite][22m[39m [90m[2m(client)[22m[39m [32mpage reload [39m[2martifacts/dom-snapshots/baobiao--jiaojieban--jiaojieban/query-clone-20260519110517-page.html[22m
[2m19:05:33[22m [36m[1m[vite][22m[39m [90m[2m(client)[22m[39m [32mpage reload [39m[2martifacts/dom-snapshots/baobiao--jiaojieban--jiaojieban/default-target-20260519110517-page.html[22m
[2m19:06:05[22m [36m[1m[vite][22m[39m [90m[2m(client)[22m[39m [32mpage reload [39m[2martifacts/dom-snapshots/baobiao--jiaojieban--jiaojieban/error-clone-20260519110602-page.html[22m
[2m19:06:06[22m [36m[1m[vite][22m[39m [90m[2m(client)[22m[39m [32mpage reload [39m[2martifacts/dom-snapshots/baobiao--jiaojieban--jiaojieban/detail-clone-20260519110602-page.html[22m
[2m19:06:09[22m [36m[1m[vite][22m[39m [90m[2m(client)[22m[39m [32mhmr update [39m[2m/src/pages/PresaleSalesReportPage.tsx[22m
[2m19:06:33[22m [36m[1m[vite][22m[39m [90m[2m(client)[22m[39m [32mhmr update [39m[2m/src/pages/HouseMonthsPage.tsx[22m
[2m19:07:07[22m [36m[1m[vite][22m[39m [90m[2m(client)[22m[39m [32mpage reload [39m[2m.tmp/capture-shezhi--xinxi-weihu--fangxing-xinxi-target-room-first-20260519124000/Default/Extensions/ngpampappnmepgilojfohadhhmbhlaek/6.42.60_0/captured.html[22m
[2m19:07:07[22m [36m[1m[vite][22m[39m [90m[2m(client)[22m[39m [32mpage reload [39m[2m.tmp/capture-shezhi--xinxi-weihu--fangxing-xinxi-target-room-first-20260519124000/Default/Extensions/ngpampappnmepgilojfohadhhmbhlaek/6.42.60_0/welcome.html[22m
[2m19:07:11[22m [36m[1m[vite][22m[39m [90m[2m(client)[22m[39m [32mpage reload [39m[2m.tmp/capture-shezhi--xinxi-weihu--fangxing-xinxi-target-room-first-20260519124000/Default/Extensions/nmmhkkegccagdldgiimedpiccmgmieda/1.0.0.6_0/html/craw_window.html[22m
[2m19:07:28[22m [36m[1m[vite][22m[39m [90m[2m(client)[22m[39m [32mpage reload [39m[2martifacts/dom-snapshots/shezhi--xinxi-weihu--fangxing-xinxi/room-first-target-20260519124000-page.html[22m
[2m19:07:39[22m [36m[1m[vite][22m[39m [90m[2m(client)[22m[39m [32mhmr update [39m[2m/src/pages/HouseMonthsPage.tsx[22m
[2m19:07:49[22m [36m[1m[vite][22m[39m [90m[2m(client)[22m[39m [32mpage reload [39m[2m.tmp/capture-shezhi--xinxi-weihu--fangxing-xinxi-target-linkage-first-20260519124500/Default/Extensions/ngpampappnmepgilojfohadhhmbhlaek/6.42.60_0/captured.html[22m
[2m19:07:49[22m [36m[1m[vite][22m[39m [90m[2m(client)[22m[39m [32mpage reload [39m[2m.tmp/capture-shezhi--xinxi-weihu--fangxing-xinxi-target-linkage-first-20260519124500/Default/Extensions/ngpampappnmepgilojfohadhhmbhlaek/6.42.60_0/welcome.html[22m
[2m19:07:50[22m [36m[1m[vite][22m[39m [90m[2m(client)[22m[39m [32mpage reload [39m[2m.tmp/capture-shezhi--xinxi-weihu--fangxing-xinxi-target-linkage-first-20260519124500/Default/Extensions/nmmhkkegccagdldgiimedpiccmgmieda/1.0.0.6_0/html/craw_window.html[22m
[2m19:08:02[22m [36m[1m[vite][22m[39m [90m[2m(client)[22m[39m [32mpage reload [39m[2mtmp/company-info-build/index.html[22m
[2m19:08:09[22m [36m[1m[vite][22m[39m [90m[2m(client)[22m[39m [32mpage reload [39m[2martifacts/dom-snapshots/shezhi--xinxi-weihu--fangxing-xinxi/linkage-first-target-20260519124500-page.html[22m
[2m19:08:22[22m [36m[1m[vite][22m[39m [90m[2m(client)[22m[39m [32mhmr update [39m[2m/src/pages/PermissionSettingPage.tsx[22m
[2m19:08:22[22m [36m[1m[vite][22m[39m [90m[2m(client)[22m[39m [32mhmr update [39m[2m/src/pages/PermissionSettingPage.tsx[22m
[2m19:08:22[22m [36m[1m[vite][22m[39m [90m[2m(client)[22m[39m [32mpage reload [39m[2m.tmp/capture-shezhi--xinxi-weihu--fangxing-xinxi-target-group-filter-20260519124500/Default/Extensions/ngpampappnmepgilojfohadhhmbhlaek/6.42.60_0/captured.html[22m
[2m19:08:22[22m [36m[1m[vite][22m[39m [90m[2m(client)[22m[39m [32mpage reload [39m[2m.tmp/capture-shezhi--xinxi-weihu--fangxing-xinxi-target-group-filter-20260519124500/Default/Extensions/ngpampappnmepgilojfohadhhmbhlaek/6.42.60_0/welcome.html[22m
[2m19:08:30[22m [36m[1m[vite][22m[39m [90m[2m(client)[22m[39m [32mpage reload [39m[2m.tmp/capture-shezhi--xinxi-weihu--fangxing-xinxi-target-group-filter-20260519124500/Default/Extensions/nmmhkkegccagdldgiimedpiccmgmieda/1.0.0.6_0/html/craw_window.html[22m
[2m19:08:36[22m [36m[1m[vite][22m[39m [90m[2m(client)[22m[39m [32mpage reload [39m[2martifacts/dom-snapshots/baobiao--yushouquan-shuju--yushouquan-xiaoshou-tongji/loading-clone-20260519193110-page.html[22m
[2m19:08:36[22m [36m[1m[vite][22m[39m [90m[2m(client)[22m[39m [32mpage reload [39m[2martifacts/dom-snapshots/baobiao--yushouquan-shuju--yushouquan-xiaoshou-tongji/loading-clone-20260519193110-page.html[22m
[2m19:08:39[22m [36m[1m[vite][22m[39m [90m[2m(client)[22m[39m [32mpage reload [39m[2martifacts/dom-snapshots/baobiao--yushouquan-shuju--yushouquan-xiaoshou-tongji/error-clone-20260519193210-page.html[22m
[2m19:08:48[22m [36m[1m[vite][22m[39m [90m[2m(client)[22m[39m [32mpage reload [39m[2martifacts/dom-snapshots/shezhi--xinxi-weihu--fangxing-xinxi/group-filter-target-20260519124500-page.html[22m
[2m19:08:53[22m [36m[1m[vite][22m[39m [90m[2m(client)[22m[39m [32mhmr update [39m[2m/src/pages/ApiKeysPage.css[22m
[2m19:09:00[22m [36m[1m[vite][22m[39m [90m[2m(client)[22m[39m [32mpage reload [39m[2m.tmp/capture-shezhi--xinxi-weihu--fangxing-xinxi-target-store-filter-20260519124500/Default/Extensions/ngpampappnmepgilojfohadhhmbhlaek/6.42.60_0/captured.html[22m
[2m19:09:00[22m [36m[1m[vite][22m[39m [90m[2m(client)[22m[39m [32mpage reload [39m[2m.tmp/capture-shezhi--xinxi-weihu--fangxing-xinxi-target-store-filter-20260519124500/Default/Extensions/ngpampappnmepgilojfohadhhmbhlaek/6.42.60_0/welcome.html[22m
[2m19:09:02[22m [36m[1m[vite][22m[39m [90m[2m(client)[22m[39m [32mpage reload [39m[2m.tmp/capture-shezhi--xinxi-weihu--fangxing-xinxi-target-store-filter-20260519124500/Default/Extensions/Temp/scoped_dir41888_1246560910/CRX_INSTALL/html/craw_window.html[22m
[2m19:09:08[22m [36m[1m[vite][22m[39m [90m[2m(client)[22m[39m [32mpage reload [39m[2m.tmp/capture-shezhi--xinxi-weihu--fangxing-xinxi-target-store-filter-20260519124500/Default/Extensions/Temp/scoped_dir41888_1246560910/CRX_INSTALL/html/craw_window.html[22m
[2m19:09:09[22m [36m[1m[vite][22m[39m [90m[2m(client)[22m[39m [32mpage reload [39m[2m.tmp/capture-shezhi--xinxi-weihu--fangxing-xinxi-target-store-filter-20260519124500/Default/Extensions/nmmhkkegccagdldgiimedpiccmgmieda/1.0.0.6_0/html/craw_window.html[22m
[2m19:09:13[22m [36m[1m[vite][22m[39m [90m[2m(client)[22m[39m [32mhmr update [39m[2m/src/pages/ApiKeysPage.tsx[22m
[2m19:09:20[22m [36m[1m[vite][22m[39m [90m[2m(client)[22m[39m [32mpage reload [39m[2martifacts/dom-snapshots/shezhi--xinxi-weihu--fangxing-xinxi/store-filter-target-20260519124500-page.html[22m
[2m19:09:30[22m [36m[1m[vite][22m[39m [90m[2m(client)[22m[39m [32mpage reload [39m[2m.tmp/capture-shezhi--xinxi-weihu--fangxing-xinxi-target-search-20260519124500/Default/Extensions/ngpampappnmepgilojfohadhhmbhlaek/6.42.60_0/captured.html[22m
[2m19:09:30[22m [36m[1m[vite][22m[39m [90m[2m(client)[22m[39m [32mpage reload [39m[2m.tmp/capture-shezhi--xinxi-weihu--fangxing-xinxi-target-search-20260519124500/Default/Extensions/ngpampappnmepgilojfohadhhmbhlaek/6.42.60_0/welcome.html[22m
[2m19:09:37[22m [36m[1m[vite][22m[39m [90m[2m(client)[22m[39m [32mpage reload [39m[2m.tmp/capture-shezhi--xinxi-weihu--fangxing-xinxi-target-search-20260519124500/Default/Extensions/nmmhkkegccagdldgiimedpiccmgmieda/1.0.0.6_0/html/craw_window.html[22m
[2m19:09:56[22m [36m[1m[vite][22m[39m [90m[2m(client)[22m[39m [32mpage reload [39m[2martifacts/dom-snapshots/shezhi--xinxi-weihu--fangxing-xinxi/search-target-20260519124500-page.html[22m
[2m19:10:15[22m [36m[1m[vite][22m[39m [90m[2m(client)[22m[39m [32mhmr update [39m[2m/src/pages/PicturesVideosPage.tsx[22m
[2m19:10:20[22m [36m[1m[vite][22m[39m [90m[2m(client)[22m[39m [32mpage reload [39m[2m.tmp/capture-shezhi--xinxi-weihu--fangxing-xinxi-target-delete-first-20260519124500/Default/Extensions/ngpampappnmepgilojfohadhhmbhlaek/6.42.60_0/captured.html[22m
[2m19:10:20[22m [36m[1m[vite][22m[39m [90m[2m(client)[22m[39m [32mpage reload [39m[2m.tmp/capture-shezhi--xinxi-weihu--fangxing-xinxi-target-delete-first-20260519124500/Default/Extensions/ngpampappnmepgilojfohadhhmbhlaek/6.42.60_0/welcome.html[22m
[2m19:10:23[22m [36m[1m[vite][22m[39m [90m[2m(client)[22m[39m [32mpage reload [39m[2m.tmp/capture-shezhi--xinxi-weihu--fangxing-xinxi-target-delete-first-20260519124500/Default/Extensions/nmmhkkegccagdldgiimedpiccmgmieda/1.0.0.6_0/html/craw_window.html[22m
[2m19:10:24[22m [36m[1m[vite][22m[39m [90m[2m(client)[22m[39m [32mhmr update [39m[2m/src/pages/HouseMonthsPage.tsx[22m
[2m19:11:03[22m [36m[1m[vite][22m[39m [90m[2m(client)[22m[39m [32mpage reload [39m[2martifacts/dom-snapshots/shezhi--xinxi-weihu--fangxing-xinxi/delete-first-target-20260519124500-page.html[22m
[2m19:11:31[22m [36m[1m[vite][22m[39m [90m[2m(client)[22m[39m [32mhmr update [39m[2m/src/pages/PicturesVideosPage.tsx[22m
[2m19:11:36[22m [36m[1m[vite][22m[39m [90m[2m(client)[22m[39m [32mhmr update [39m[2m/src/pages/PicturesVideosPage.css[22m
[2m19:11:53[22m [36m[1m[vite][22m[39m [90m[2m(client)[22m[39m [32mhmr update [39m[2m/src/pages/SalesReportPage.tsx[22m
[2m19:11:59[22m [36m[1m[vite][22m[39m [90m[2m(client)[22m[39m [32mhmr update [39m[2m/src/pages/SalesReportPage.tsx[22m
[2m19:12:20[22m [36m[1m[vite][22m[39m [90m[2m(client)[22m[39m [32mpage reload [39m[2mtmp/api-keys-harness/index.html[22m
[2m19:12:27[22m [36m[1m[vite][22m[39m [90m[2m(client)[22m[39m [32mhmr update [39m[2m/src/pages/PicturesVideosPage.css[22m
[2m19:12:34[22m [36m[1m[vite][22m[39m [90m[2m(client)[22m[39m [32mhmr update [39m[2m/src/pages/CampInfoPage.tsx[22m
[2m19:12:45[22m [36m[1m[vite][22m[39m [90m[2m(client)[22m[39m [32mhmr update [39m[2m/src/pages/PicturesVideosPage.css[22m
[2m19:12:53[22m [36m[1m[vite][22m[39m [90m[2m(client)[22m[39m [32mhmr update [39m[2m/src/pages/ShiftRecordPage.tsx[22m
[2m19:13:02[22m [36m[1m[vite][22m[39m [90m[2m(client)[22m[39m [32mhmr update [39m[2m/src/pages/PicturesVideosPage.tsx[22m
[2m19:13:02[22m [36m[1m[vite][22m[39m [90m[2m(client)[22m[39m [32mhmr update [39m[2m/src/pages/PicturesVideosPage.tsx[22m
[2m19:13:03[22m [36m[1m[vite][22m[39m [90m[2m(client)[22m[39m [32mhmr update [39m[2m/src/pages/ShiftRecordPage.tsx[22m
[2m19:13:03[22m [36m[1m[vite][22m[39m [90m[2m(client)[22m[39m [32mhmr update [39m[2m/src/pages/ShiftRecordPage.tsx[22m
[2m19:13:07[22m [36m[1m[vite][22m[39m [90m[2m(client)[22m[39m [32mhmr update [39m[2m/src/pages/SalesReportPage.tsx[22m
[2m19:13:29[22m [36m[1m[vite][22m[39m [90m[2m(client)[22m[39m [32mpage reload [39m[2martifacts/dom-snapshots/shezhi--tongyong-shezhi--shouru-zhichu-shezhi/primary-action-target-20260519111250-page.html[22m
[2m19:13:30[22m [36m[1m[vite][22m[39m [90m[2m(client)[22m[39m [32mpage reload [39m[2martifacts/dom-snapshots/shezhi--tongyong-shezhi--shouru-zhichu-shezhi/primary-action-target-20260519111250-page.html[22m
[2m19:13:31[22m [36m[1m[vite][22m[39m [90m[2m(client)[22m[39m [32mpage reload [39m[2martifacts/dom-snapshots/shezhi--tongyong-shezhi--shouru-zhichu-shezhi/default-target-20260519111250-page.html[22m
[2m19:13:32[22m [36m[1m[vite][22m[39m [90m[2m(client)[22m[39m [32mhmr update [39m[2m/src/pages/SalesReportPage.tsx[22m
[2m19:13:32[22m [36m[1m[vite][22m[39m [90m[2m(client)[22m[39m [32mhmr update [39m[2m/src/pages/SalesReportPage.tsx[22m
[2m19:13:35[22m [36m[1m[vite][22m[39m [90m[2m(client)[22m[39m [32mpage reload [39m[2martifacts/dom-snapshots/shezhi--tongyong-shezhi--jiyibi-shezhi/default-target-20260520-001-page.html[22m
[2m19:13:36[22m [36m[1m[vite][22m[39m [90m[2m(client)[22m[39m [32mpage reload [39m[2martifacts/dom-snapshots/shezhi--tongyong-shezhi--shouru-zhichu-shezhi/expense-tab-target-20260519111251-page.html[22m
[2m19:13:36[22m [36m[1m[vite][22m[39m [90m[2m(client)[22m[39m [32mpage reload [39m[2martifacts/dom-snapshots/shezhi--tongyong-shezhi--shouru-zhichu-shezhi/expense-tab-target-20260519111251-page.html[22m
[2m19:13:38[22m [36m[1m[vite][22m[39m [90m[2m(client)[22m[39m [32mpage reload [39m[2martifacts/dom-snapshots/shezhi--tongyong-shezhi--jiyibi-shezhi/dropdown-target-20260520-001-page.html[22m
[2m19:13:38[22m [36m[1m[vite][22m[39m [90m[2m(client)[22m[39m [32mpage reload [39m[2martifacts/dom-snapshots/shezhi--tongyong-shezhi--jiyibi-shezhi/dropdown-target-20260520-001-page.html[22m
[2m19:13:39[22m [36m[1m[vite][22m[39m [90m[2m(client)[22m[39m [32mpage reload [39m[2martifacts/dom-snapshots/shezhi--tongyong-shezhi--jiyibi-shezhi/collapsed-target-20260520-001-page.html[22m
[2m19:13:44[22m [36m[1m[vite][22m[39m [90m[2m(client)[22m[39m [32mhmr update [39m[2m/src/pages/SalesReportPage.css[22m
[2m19:13:48[22m [36m[1m[vite][22m[39m [90m[2m(client)[22m[39m [32mhmr update [39m[2m/src/pages/CustomChannelPage.tsx[22m
[2m19:13:48[22m [36m[1m[vite][22m[39m [90m[2m(client)[22m[39m [32mhmr update [39m[2m/src/pages/CustomChannelPage.css[22m
[2m19:13:48[22m [36m[1m[vite][22m[39m [90m[2m(client)[22m[39m [32mhmr update [39m[2m/src/pages/CustomChannelPage.tsx[22m
[2m19:13:59[22m [36m[1m[vite][22m[39m [90m[2m(client)[22m[39m [32mpage reload [39m[2martifacts/dom-snapshots/shezhi--tongyong-shezhi--jiyibi-shezhi/add-target-20260520-001-page.html[22m
[2m19:14:03[22m [36m[1m[vite][22m[39m [90m[2m(client)[22m[39m [32mhmr update [39m[2m/src/pages/MemberSettingPage.tsx[22m
[2m19:14:03[22m [36m[1m[vite][22m[39m [90m[2m(client)[22m[39m [32mhmr update [39m[2m/src/pages/MemberSettingPage.tsx[22m
[2m19:14:03[22m [36m[1m[vite][22m[39m [90m[2m(client)[22m[39m [32mhmr update [39m[2m/src/pages/MemberSettingPage.css[22m
[2m19:14:08[22m [36m[1m[vite][22m[39m [90m[2m(client)[22m[39m [32mhmr update [39m[2m/src/pages/CustomChannelPage.tsx[22m
[2m19:14:08[22m [36m[1m[vite][22m[39m [90m[2m(client)[22m[39m [32mhmr update [39m[2m/src/pages/CustomChannelPage.tsx[22m
[2m19:14:13[22m [36m[1m[vite][22m[39m [90m[2m(client)[22m[39m [32mpage reload [39m[2martifacts/dom-snapshots/shezhi--qiye-shezhi--quanxian-shezhi/default-target-20260520-target-default-page.html[22m
[2m19:14:36[22m [36m[1m[vite][22m[39m [90m[2m(client)[22m[39m [32mhmr update [39m[2m/src/pages/CustomChannelPage.tsx[22m
[2m19:14:36[22m [36m[1m[vite][22m[39m [90m[2m(client)[22m[39m [32mhmr update [39m[2m/src/pages/CustomChannelPage.tsx[22m
[2m19:14:45[22m [36m[1m[vite][22m[39m [90m[2m(client)[22m[39m [32mhmr update [39m[2m/src/pages/CampInfoPage.tsx[22m
[2m19:14:55[22m [36m[1m[vite][22m[39m [90m[2m(client)[22m[39m [32mhmr update [39m[2m/src/pages/CampInfoPage.css[22m
[2m19:15:07[22m [36m[1m[vite][22m[39m [90m[2m(client)[22m[39m [32mhmr update [39m[2m/src/pages/ShiftRecordPage.tsx[22m
[2m19:15:07[22m [36m[1m[vite][22m[39m [90m[2m(client)[22m[39m [32mpage reload [39m[2martifacts/dom-snapshots/shezhi--qiye-shezhi--quanxian-shezhi/role-target-20260520-target-role-page.html[22m
[2m19:15:08[22m [36m[1m[vite][22m[39m [90m[2m(client)[22m[39m [32mpage reload [39m[2martifacts/dom-snapshots/shezhi--qiye-shezhi--quanxian-shezhi/add-target-20260520-target-add-page.html[22m
[2m19:15:08[22m [36m[1m[vite][22m[39m [90m[2m(client)[22m[39m [32mhmr update [39m[2m/src/pages/CustomChannelPage.tsx[22m
[2m19:15:12[22m [36m[1m[vite][22m[39m [90m[2m(client)[22m[39m [32mhmr update [39m[2m/src/pages/CampInfoPage.tsx[22m
[2m19:15:34[22m [36m[1m[vite][22m[39m [90m[2m(client)[22m[39m [32mpage reload [39m[2martifacts/dom-snapshots/shezhi--qiye-shezhi--quanxian-shezhi/default-clone-20260520-local-default-page.html[22m
[2m19:15:35[22m [36m[1m[vite][22m[39m [90m[2m(client)[22m[39m [32mpage reload [39m[2martifacts/dom-snapshots/shezhi--qiye-shezhi--quanxian-shezhi/role-clone-20260520-local-role-page.html[22m
[2m19:15:45[22m [36m[1m[vite][22m[39m [90m[2m(client)[22m[39m [32mhmr update [39m[2m/src/pages/ShiftRecordPage.tsx[22m
[2m19:15:45[22m [36m[1m[vite][22m[39m [90m[2m(client)[22m[39m [32mhmr update [39m[2m/src/pages/ShiftRecordPage.tsx[22m
[2m19:16:01[22m [36m[1m[vite][22m[39m [90m[2m(client)[22m[39m [32mpage reload [39m[2martifacts/dom-snapshots/shezhi--tongyong-shezhi--caiwu-shezhi/default-target-20260519T194500-page.html[22m
[2m19:16:01[22m [36m[1m[vite][22m[39m [90m[2m(client)[22m[39m [32mhmr update [39m[2m/src/pages/SalesReportPage.tsx[22m
[2m19:16:01[22m [36m[1m[vite][22m[39m [90m[2m(client)[22m[39m [32mhmr update [39m[2m/src/pages/SalesReportPage.tsx[22m
[2m19:16:12[22m [36m[1m[vite][22m[39m [90m[2m(client)[22m[39m [32mpage reload [39m[2martifacts/dom-snapshots/shezhi--tongyong-shezhi--duanxin-shezhi/default-target-20260519111545-page.html[22m
[2m19:16:28[22m [36m[1m[vite][22m[39m [90m[2m(client)[22m[39m [32mpage reload [39m[2martifacts/dom-snapshots/shezhi--qiye-shezhi--quanxian-shezhi/default-clone-20260520-local-empty-page.html[22m
[2m19:16:28[22m [36m[1m[vite][22m[39m [90m[2m(client)[22m[39m [32mpage reload [39m[2martifacts/dom-snapshots/shezhi--qiye-shezhi--quanxian-shezhi/default-clone-20260520-local-error-page.html[22m
[2m19:16:28[22m [36m[1m[vite][22m[39m [90m[2m(client)[22m[39m [32mpage reload [39m[2martifacts/dom-snapshots/shezhi--qiye-shezhi--quanxian-shezhi/add-clone-20260520-local-add-page.html[22m
[2m19:16:28[22m [36m[1m[vite][22m[39m [90m[2m(client)[22m[39m [32mhmr update [39m[2m/src/pages/CampInfoPage.css[22m
[2m19:16:28[22m [36m[1m[vite][22m[39m [90m[2m(client)[22m[39m [32mhmr update [39m[2m/src/pages/ShiftRecordPage.tsx[22m
[2m19:16:39[22m [36m[1m[vite][22m[39m [90m[2m(client)[22m[39m [32mhmr update [39m[2m/src/pages/ShiftRecordPage.css[22m
[2m19:16:39[22m [36m[1m[vite][22m[39m [90m[2m(client)[22m[39m [32mhmr update [39m[2m/src/pages/ShiftRecordPage.css[22m
[2m19:16:50[22m [36m[1m[vite][22m[39m [90m[2m(client)[22m[39m [32mpage reload [39m[2martifacts/dom-snapshots/shezhi--tongyong-shezhi--zidong-celue-shezhi/first-toggle-target-20260520-fresh-toggle-page.html[22m
[2m19:16:55[22m [36m[1m[vite][22m[39m [90m[2m(client)[22m[39m [32mpage reload [39m[2martifacts/dom-snapshots/shezhi--qiye-shezhi--api-keys/empty-clone-20260519111650-page.html[22m
[2m19:17:01[22m [36m[1m[vite][22m[39m [90m[2m(client)[22m[39m [32mpage reload [39m[2martifacts/dom-snapshots/shezhi--qiye-shezhi--qiye-xinxi/success-clone-20260519-191652-page.html[22m
[2m19:17:04[22m [36m[1m[vite][22m[39m [90m[2m(client)[22m[39m [32mpage reload [39m[2martifacts/dom-snapshots/shezhi--tongyong-shezhi--caiwu-shezhi/primary-action-target-20260519T194900-page.html[22m
[2m19:17:04[22m [36m[1m[vite][22m[39m [90m[2m(client)[22m[39m [32mpage reload [39m[2martifacts/dom-snapshots/shezhi--tongyong-shezhi--caiwu-shezhi/primary-action-target-20260519T194900-page.html[22m
[2m19:17:37[22m [36m[1m[vite][22m[39m [90m[2m(client)[22m[39m [32mpage reload [39m[2martifacts/dom-snapshots/shezhi--qiye-shezhi--quanxian-shezhi/role-clone-20260520-local-detail-error-page.html[22m
[2m19:17:47[22m [36m[1m[vite][22m[39m [90m[2m(client)[22m[39m [32mhmr update [39m[2m/src/pages/CustomChannelPage.tsx[22m
[2m19:17:53[22m [36m[1m[vite][22m[39m [90m[2m(client)[22m[39m [32mpage reload [39m[2martifacts/dom-snapshots/shezhi--tongyong-shezhi--duanxin-shezhi/primary-action-target-20260519111720-page.html[22m
[2m19:17:53[22m [36m[1m[vite][22m[39m [90m[2m(client)[22m[39m [32mpage reload [39m[2martifacts/dom-snapshots/shezhi--tongyong-shezhi--duanxin-shezhi/primary-action-target-20260519111720-page.html[22m
[2m19:17:58[22m [36m[1m[vite][22m[39m [90m[2m(client)[22m[39m [32mpage reload [39m[2martifacts/dom-snapshots/shezhi--qiye-shezhi--api-keys/empty-clone-20260519111756-page.html[22m
[2m19:18:01[22m [36m[1m[vite][22m[39m [90m[2m(client)[22m[39m [32mpage reload [39m[2martifacts/dom-snapshots/shezhi--qiye-shezhi--api-keys/success-clone-20260519111756-page.html[22m
[2m19:18:01[22m [36m[1m[vite][22m[39m [90m[2m(client)[22m[39m [32mpage reload [39m[2martifacts/dom-snapshots/shezhi--qiye-shezhi--api-keys/success-clone-20260519111756-page.html[22m
[2m19:18:03[22m [36m[1m[vite][22m[39m [90m[2m(client)[22m[39m [32mpage reload [39m[2martifacts/dom-snapshots/shezhi--tongyong-shezhi--duanxin-shezhi/chat-collapsed-target-20260519111720-page.html[22m
[2m19:18:03[22m [36m[1m[vite][22m[39m [90m[2m(client)[22m[39m [32mpage reload [39m[2martifacts/dom-snapshots/shezhi--tongyong-shezhi--duanxin-shezhi/chat-collapsed-target-20260519111720-page.html[22m
[2m19:18:03[22m [36m[1m[vite][22m[39m [90m[2m(client)[22m[39m [32mpage reload [39m[2martifacts/dom-snapshots/shezhi--qiye-shezhi--api-keys/error-clone-20260519111756-page.html[22m
[2m19:18:39[22m [36m[1m[vite][22m[39m [90m[2m(client)[22m[39m [32mhmr update [39m[2m/src/pages/CompanyQualificationPage.tsx[22m
[2m19:18:39[22m [36m[1m[vite][22m[39m [90m[2m(client)[22m[39m [32mhmr update [39m[2m/src/pages/CompanyQualificationPage.css[22m
[2m19:19:00[22m [36m[1m[vite][22m[39m [90m[2m(client)[22m[39m [32mpage reload [39m[2martifacts/dom-snapshots/shezhi--tongyong-shezhi--zidong-celue-shezhi/default-target-20260520-fresh-default2-page.html[22m
[2m19:19:09[22m [36m[1m[vite][22m[39m [90m[2m(client)[22m[39m [32mpage reload [39m[2martifacts/dom-snapshots/shezhi--tongyong-shezhi--caiwu-shezhi/primary-action-target-20260519T195300-page.html[22m
[2m19:19:09[22m [36m[1m[vite][22m[39m [90m[2m(client)[22m[39m [32mpage reload [39m[2martifacts/dom-snapshots/shezhi--tongyong-shezhi--caiwu-shezhi/primary-action-target-20260519T195300-page.html[22m
[2m19:19:11[22m [36m[1m[vite][22m[39m [90m[2m(client)[22m[39m [32mpage reload [39m[2martifacts/dom-snapshots/shezhi--tongyong-shezhi--jiaojieban-shezhi/default-target-20260519111834-page.html[22m
[2m19:19:11[22m [36m[1m[vite][22m[39m [90m[2m(client)[22m[39m [32mpage reload [39m[2martifacts/dom-snapshots/shezhi--tongyong-shezhi--jiaojieban-shezhi/add-item-target-20260519111834-page.html[22m
[2m19:19:11[22m [36m[1m[vite][22m[39m [90m[2m(client)[22m[39m [32mpage reload [39m[2martifacts/dom-snapshots/shezhi--tongyong-shezhi--jiaojieban-shezhi/add-item-target-20260519111834-page.html[22m
[2m19:19:11[22m [36m[1m[vite][22m[39m [90m[2m(client)[22m[39m [32mpage reload [39m[2martifacts/dom-snapshots/shezhi--tongyong-shezhi--jiaojieban-shezhi/add-shift-target-20260519111834-page.html[22m
[2m19:19:21[22m [36m[1m[vite][22m[39m [90m[2m(client)[22m[39m [32mhmr update [39m[2m/src/pages/PicturesVideosPage.tsx[22m
[2m19:19:21[22m [36m[1m[vite][22m[39m [90m[2m(client)[22m[39m [32mhmr update [39m[2m/src/pages/ImSettingPage.tsx[22m
[2m19:19:21[22m [36m[1m[vite][22m[39m [90m[2m(client)[22m[39m [32mhmr update [39m[2m/src/pages/ImSettingPage.css[22m
[2m19:19:33[22m [36m[1m[vite][22m[39m [90m[2m(client)[22m[39m [32mpage reload [39m[2martifacts/dom-snapshots/shezhi--qiye-shezhi--qiye-xinxi/empty-clone-20260519-191926-page.html[22m
[2m19:19:35[22m [36m[1m[vite][22m[39m [90m[2m(client)[22m[39m [32mpage reload [39m[2martifacts/dom-snapshots/shezhi--qiye-shezhi--qiye-xinxi/error-clone-20260519-191927-page.html[22m
[2m19:20:08[22m [36m[1m[vite][22m[39m [90m[2m(client)[22m[39m [32mpage reload [39m[2martifacts/dom-snapshots/shezhi--qiye-shezhi--qiye-xinxi/interaction-clone-20260519-191927-page.html[22m
[2m19:20:25[22m [36m[1m[vite][22m[39m [90m[2m(client)[22m[39m [32mpage reload [39m[2martifacts/dom-snapshots/yingyong-dingyue--quanyi-yu-dingyue--wode-quanyi/default-target-20260519T112001.html[22m
[2m19:20:25[22m [36m[1m[vite][22m[39m [90m[2m(client)[22m[39m [32mpage reload [39m[2martifacts/dom-snapshots/yingyong-dingyue--quanyi-yu-dingyue--wode-quanyi/default-target-20260519T112001.html[22m
[2m19:20:26[22m [36m[1m[vite][22m[39m [90m[2m(client)[22m[39m [32mpage reload [39m[2martifacts/dom-snapshots/shezhi--tongyong-shezhi--dayin-shezhi/default-target-20260520-fresh-default-page.html[22m
[2m19:20:26[22m [36m[1m[vite][22m[39m [90m[2m(client)[22m[39m [32mpage reload [39m[2martifacts/dom-snapshots/shezhi--tongyong-shezhi--paixu-shezhi/default-target-20260519112000-page.html[22m
[2m19:21:51[22m [36m[1m[vite][22m[39m [90m[2m(client)[22m[39m [32mpage reload [39m[2martifacts/dom-snapshots/shezhi--qiye-shezhi--qiye-xinxi/default-target-20260519-192052-page.html[22m
[2m19:21:52[22m [36m[1m[vite][22m[39m [90m[2m(client)[22m[39m [32mpage reload [39m[2martifacts/dom-snapshots/shezhi--tongyong-shezhi--paixu-shezhi/second-tab-target-20260519112100-page.html[22m
[2m19:22:22[22m [36m[1m[vite][22m[39m [90m[2m(client)[22m[39m [32mhmr update [39m[2m/src/pages/ImSettingPage.tsx[22m
[2m19:22:30[22m [36m[1m[vite][22m[39m [90m[2m(client)[22m[39m [32mpage reload [39m[2martifacts/dom-snapshots/shezhi--tongyong-shezhi--dayin-shezhi/first-dropdown-target-20260520-fresh-dropdown-page.html[22m
[2m19:22:31[22m [36m[1m[vite][22m[39m [90m[2m(client)[22m[39m [32mpage reload [39m[2martifacts/dom-snapshots/shezhi--tongyong-shezhi--dayin-shezhi/first-dropdown-target-20260520-fresh-dropdown-page.html[22m
[2m19:22:31[22m [36m[1m[vite][22m[39m [90m[2m(client)[22m[39m [32mpage reload [39m[2martifacts/dom-snapshots/shezhi--tongyong-shezhi--dayin-shezhi/first-dropdown-target-20260520-fresh-dropdown-page.html[22m
[2m19:22:32[22m [36m[1m[vite][22m[39m [90m[2m(client)[22m[39m [32mpage reload [39m[2martifacts/dom-snapshots/yingyong-dingyue--quanyi-yu-dingyue--wode-quanyi/default-clone-20260519T112226.html[22m
[2m19:22:32[22m [36m[1m[vite][22m[39m [90m[2m(client)[22m[39m [32mhmr update [39m[2m/src/pages/MemberSettingPage.tsx[22m
[2m19:22:33[22m [36m[1m[vite][22m[39m [90m[2m(client)[22m[39m [32mhmr update [39m[2m/src/pages/MemberSettingPage.tsx[22m
[2m19:22:36[22m [36m[1m[vite][22m[39m [90m[2m(client)[22m[39m [32mhmr update [39m[2m/src/pages/CompanyQualificationPage.tsx[22m
[2m19:22:39[22m [36m[1m[vite][22m[39m [90m[2m(client)[22m[39m [32mhmr update [39m[2m/src/pages/OrderLedgerPage.css[22m
[2m19:24:07[22m [36m[1m[vite][22m[39m [90m[2m(client)[22m[39m [32mpage reload [39m[2martifacts/dom-snapshots/yingyong-dingyue--quanyi-yu-dingyue--zhihuan-quanyi/default-target-20260519-fresh-target-default-page.html[22m
[2m19:24:12[22m [36m[1m[vite][22m[39m [90m[2m(client)[22m[39m [32mpage reload [39m[2martifacts/dom-snapshots/yingyong-dingyue--quanyi-yu-dingyue--yingyong-dingyue/default-target-20260520-application-audit-page.html[22m
[2m19:24:26[22m [36m[1m[vite][22m[39m [90m[2m(client)[22m[39m [32mhmr update [39m[2m/src/pages/HouseMonthsPage.tsx[22m
[2m19:24:28[22m [36m[1m[vite][22m[39m [90m[2m(client)[22m[39m [32mpage reload [39m[2mtmp/months-drawer-harness/index.html[22m
[2m19:24:38[22m [36m[1m[vite][22m[39m [90m[2m(client)[22m[39m [32mpage reload [39m[2mtmp/months-drawer-dist/index.html[22m
[2m19:24:39[22m [36m[1m[vite][22m[39m [90m[2m(client)[22m[39m [32mpage reload [39m[2martifacts/dom-snapshots/shezhi--tongyong-shezhi--paixu-shezhi/third-tab-target-20260519112411-page.html[22m
[2m19:24:40[22m [36m[1m[vite][22m[39m [90m[2m(client)[22m[39m [32mhmr update [39m[2m/src/pages/ImSettingPage.tsx[22m
[2m19:24:40[22m [36m[1m[vite][22m[39m [90m[2m(client)[22m[39m [32mhmr update [39m[2m/src/pages/ImSettingPage.tsx[22m
[2m19:24:55[22m [36m[1m[vite][22m[39m [90m[2m(client)[22m[39m [32mhmr update [39m[2m/src/pages/MemberSettingPage.tsx[22m
[2m19:24:55[22m [36m[1m[vite][22m[39m [90m[2m(client)[22m[39m [32mhmr update [39m[2m/src/pages/MemberSettingPage.tsx[22m
[2m19:25:41[22m [36m[1m[vite][22m[39m [90m[2m(client)[22m[39m [32mpage reload [39m[2martifacts/dom-snapshots/shezhi--qiye-shezhi--qiye-xinxi/interaction-target-20260519-192052-page.html[22m
[2m19:25:43[22m [36m[1m[vite][22m[39m [90m[2m(client)[22m[39m [32mpage reload [39m[2martifacts/dom-snapshots/yingyong-dingyue--quanyi-yu-dingyue--yingyong-dingyue/detail-target-20260520-application-detail-page.html[22m
[2m19:25:46[22m [36m[1m[vite][22m[39m [90m[2m(client)[22m[39m [32mpage reload [39m[2martifacts/dom-snapshots/yingyong-dingyue--quanyi-yu-dingyue--zhihuan-quanyi/interaction-target-20260519-fresh-target-interaction-page.html[22m
[2m19:26:01[22m [36m[1m[vite][22m[39m [90m[2m(client)[22m[39m [32mhmr update [39m[2m/src/pages/CustomChannelPage.tsx[22m
[2m19:26:01[22m [36m[1m[vite][22m[39m [90m[2m(client)[22m[39m [32mhmr update [39m[2m/src/pages/CustomChannelPage.tsx[22m
[2m19:26:11[22m [36m[1m[vite][22m[39m [90m[2m(client)[22m[39m [32mhmr update [39m[2m/src/pages/CustomChannelPage.tsx[22m
[2m19:26:45[22m [36m[1m[vite][22m[39m [90m[2m(client)[22m[39m [32mhmr update [39m[2m/src/pages/WriteExpendSettingPage.tsx[22m
[2m19:26:47[22m [36m[1m[vite][22m[39m [90m[2m(client)[22m[39m [32mhmr update [39m[2m/src/pages/PicturesVideosPage.tsx[22m
[2m19:27:31[22m [36m[1m[vite][22m[39m [90m[2m(client)[22m[39m [32mpage reload [39m[2martifacts/dom-snapshots/shezhi--qiye-shezhi--qiye-xinxi/interaction-target-20260519-112636-page.html[22m
[2m19:27:41[22m [36m[1m[vite][22m[39m [90m[2m(client)[22m[39m [32mpage reload [39m[2martifacts/dom-snapshots/shezhi--tongyong-shezhi--paixu-shezhi/primary-action-target-20260519112626-page.html[22m
[2m19:27:55[22m [36m[1m[vite][22m[39m [90m[2m(client)[22m[39m [32mpage reload [39m[2martifacts/dom-snapshots/yingyong-dingyue--quanyi-yu-dingyue--luke-shangcheng/default-target-20260519112704-page.html[22m
[2m19:28:06[22m [36m[1m[vite][22m[39m [90m[2m(client)[22m[39m [32mhmr update [39m[2m/src/pages/SalesReportPage.tsx[22m
[2m19:28:07[22m [36m[1m[vite][22m[39m [90m[2m(client)[22m[39m [32mpage reload [39m[2martifacts/dom-snapshots/yingyong-dingyue--quanyi-yu-dingyue--zhihuan-quanyi/interaction-target-20260519-fresh-target-interaction-page.html[22m
[2m19:28:21[22m [36m[1m[vite][22m[39m [90m[2m(client)[22m[39m [32mhmr update [39m[2m/src/pages/WriteExpendSettingPage.tsx[22m
[2m19:28:26[22m [36m[1m[vite][22m[39m [90m[2m(client)[22m[39m [32mhmr update [39m[2m/src/pages/PicturesVideosPage.tsx[22m
[2m19:28:32[22m [36m[1m[vite][22m[39m [90m[2m(client)[22m[39m [32mpage reload [39m[2mtmp/camp-info-harness/index.html[22m
[2m19:28:45[22m [36m[1m[vite][22m[39m [90m[2m(client)[22m[39m [32mpage reload [39m[2martifacts/dom-snapshots/shezhi--qiye-shezhi--qiye-xinxi/interaction-target-20260519-112830-page.html[22m
[2m19:28:48[22m [36m[1m[vite][22m[39m [90m[2m(client)[22m[39m [32mhmr update [39m[2m/src/pages/WriteExpendSettingPage.css[22m
[2m19:28:50[22m [36m[1m[vite][22m[39m [90m[2m(client)[22m[39m [32mpage reload [39m[2martifacts/dom-snapshots/shezhi--qiye-shezhi--qiye-xinxi/interaction-target-20260519-112830-edit-page.html[22m
[2m19:29:08[22m [36m[1m[vite][22m[39m [90m[2m(client)[22m[39m [32mpage reload [39m[2martifacts/dom-snapshots/shezhi--tongyong-shezhi--paixu-shezhi/primary-action-second-tab-target-20260519112820-page.html[22m
[2m19:29:19[22m [36m[1m[vite][22m[39m [90m[2m(client)[22m[39m [32mpage reload [39m[2martifacts/dom-snapshots/yingyong-dingyue--quanyi-yu-dingyue--luke-shangcheng/first-primary-target-20260519112854-page.html[22m
[2m19:29:21[22m [36m[1m[vite][22m[39m [90m[2m(client)[22m[39m [32mhmr update [39m[2m/src/pages/ExpendSettingPage.tsx[22m
[2m19:29:41[22m [36m[1m[vite][22m[39m [90m[2m(client)[22m[39m [32mpage reload [39m[2martifacts/dom-snapshots/shezhi--tongyong-shezhi--paixu-shezhi/primary-action-third-tab-target-20260519112914-page.html[22m
[2m19:29:56[22m [36m[1m[vite][22m[39m [90m[2m(client)[22m[39m [32mhmr update [39m[2m/src/pages/WriteExpendSettingPage.css[22m
[2m19:30:12[22m [36m[1m[vite][22m[39m [90m[2m(client)[22m[39m [32mpage reload [39m[2martifacts/dom-snapshots/yingyong-dingyue--quanyi-yu-dingyue--banben-dingyue/default-target-page-20260519112944.html[22m
[2m19:30:20[22m [36m[1m[vite][22m[39m [90m[2m(client)[22m[39m [32mhmr update [39m[2m/src/pages/FinanceSettingPage.tsx[22m
[2m19:30:24[22m [36m[1m[vite][22m[39m [90m[2m(client)[22m[39m [32mhmr update [39m[2m/src/pages/ExpendSettingPage.tsx[22m
[2m19:30:31[22m [36m[1m[vite][22m[39m [90m[2m(client)[22m[39m [32mpage reload [39m[2martifacts/dom-snapshots/baobiao--jiaojieban--jiaojieban/default-clone-20260519-reaudit1-page.html[22m
[2m19:30:35[22m [36m[1m[vite][22m[39m [90m[2m(client)[22m[39m [32mhmr update [39m[2m/src/pages/ExpendSettingPage.tsx[22m
[2m19:30:41[22m [36m[1m[vite][22m[39m [90m[2m(client)[22m[39m [32mhmr update [39m[2m/src/pages/ExpendSettingPage.css[22m
[2m19:30:45[22m [36m[1m[vite][22m[39m [90m[2m(client)[22m[39m [32mpage reload [39m[2martifacts/dom-snapshots/baobiao--jiaojieban--jiaojieban/detail-clone-20260519-reaudit1-page.html[22m
[2m19:31:16[22m [36m[1m[vite][22m[39m [90m[2m(client)[22m[39m [32mpage reload [39m[2martifacts/dom-snapshots/shezhi--tongyong-shezhi--paixu-shezhi/primary-action-target-20260519113057-page.html[22m
[2m19:31:40[22m [36m[1m[vite][22m[39m [90m[2m(client)[22m[39m [32mhmr update [39m[2m/src/pages/WriteExpendSettingPage.tsx[22m
[2m19:31:40[22m [36m[1m[vite][22m[39m [90m[2m(client)[22m[39m [32mhmr update [39m[2m/src/pages/WriteExpendSettingPage.tsx[22m
[2m19:31:46[22m [36m[1m[vite][22m[39m [90m[2m(client)[22m[39m [32mhmr update [39m[2m/src/pages/ExpendSettingPage.css[22m
[2m19:31:53[22m [36m[1m[vite][22m[39m [90m[2m(client)[22m[39m [32mhmr update [39m[2m/src/pages/ExpendSettingPage.tsx[22m
[2m19:31:53[22m [36m[1m[vite][22m[39m [90m[2m(client)[22m[39m [32mhmr update [39m[2m/src/pages/ExpendSettingPage.tsx[22m
[2m19:31:57[22m [36m[1m[vite][22m[39m [90m[2m(client)[22m[39m [32mhmr update [39m[2m/src/pages/FinanceSettingPage.tsx[22m
[2m19:32:05[22m [36m[1m[vite][22m[39m [90m[2m(client)[22m[39m [32mhmr update [39m[2m/src/pages/ShiftSettingPage.tsx[22m
[2m19:32:06[22m [36m[1m[vite][22m[39m [90m[2m(client)[22m[39m [32mhmr update [39m[2m/src/pages/FinanceSettingPage.css[22m
[2m19:32:06[22m [36m[1m[vite][22m[39m [90m[2m(client)[22m[39m [32mhmr update [39m[2m/src/pages/ExpendSettingPage.tsx[22m
[2m19:32:41[22m [36m[1m[vite][22m[39m [90m[2m(client)[22m[39m [32mhmr update [39m[2m/src/pages/RoomTypeInfoPage.tsx[22m
[2m19:32:41[22m [36m[1m[vite][22m[39m [90m[2m(client)[22m[39m [32mhmr update [39m[2m/src/pages/RoomTypeInfoPage.tsx[22m
[2m19:32:41[22m [36m[1m[vite][22m[39m [90m[2m(client)[22m[39m [32mhmr update [39m[2m/src/pages/RoomTypeInfoPage.tsx[22m
[2m19:32:57[22m [36m[1m[vite][22m[39m [90m[2m(client)[22m[39m [32mhmr update [39m[2m/src/pages/FinanceSettingPage.css[22m
[2m19:33:08[22m [36m[1m[vite][22m[39m [90m[2m(client)[22m[39m [32mpage reload [39m[2martifacts/dom-snapshots/baobiao--jiaojieban--jiaojieban/default-target-20260519-finalproof-page.html[22m
[2m19:33:09[22m [36m[1m[vite][22m[39m [90m[2m(client)[22m[39m [32mhmr update [39m[2m/src/pages/NotificationSettingPage.tsx[22m
[2m19:33:17[22m [36m[1m[vite][22m[39m [90m[2m(client)[22m[39m [32mpage reload [39m[2martifacts/dom-snapshots/baobiao--jiaojieban--jiaojieban/default-clone-20260519-finalproof-page.html[22m
[2m19:33:28[22m [36m[1m[vite][22m[39m [90m[2m(client)[22m[39m [32mhmr update [39m[2m/src/pages/ShiftSettingPage.tsx[22m
[2m19:33:34[22m [36m[1m[vite][22m[39m [90m[2m(client)[22m[39m [32mhmr update [39m[2m/src/pages/ShiftSettingPage.css[22m
[2m19:33:56[22m [36m[1m[vite][22m[39m [90m[2m(client)[22m[39m [32mhmr update [39m[2m/src/pages/RoomTypeInfoPage.css[22m
[2m19:33:56[22m [36m[1m[vite][22m[39m [90m[2m(client)[22m[39m [32mhmr update [39m[2m/src/pages/RoomTypeInfoPage.css[22m
[2m19:33:56[22m [36m[1m[vite][22m[39m [90m[2m(client)[22m[39m [32mpage reload [39m[2martifacts/dom-snapshots/baobiao--jiaojieban--jiaojieban/query-clone-20260519-finalproof-page.html[22m
[2m19:34:14[22m [36m[1m[vite][22m[39m [90m[2m(client)[22m[39m [32mhmr update [39m[2m/src/pages/NotificationSettingPage.tsx[22m
[2m19:34:18[22m [36m[1m[vite][22m[39m [90m[2m(client)[22m[39m [32mhmr update [39m[2m/src/pages/NotificationSettingPage.css[22m
[2m19:34:20[22m [36m[1m[vite][22m[39m [90m[2m(client)[22m[39m [32mhmr update [39m[2m/src/pages/RoomTypeInfoPage.tsx[22m
[2m19:34:20[22m [36m[1m[vite][22m[39m [90m[2m(client)[22m[39m [32mhmr update [39m[2m/src/pages/RoomTypeInfoPage.tsx[22m
[2m19:34:32[22m [36m[1m[vite][22m[39m [90m[2m(client)[22m[39m [32mhmr update [39m[2m/src/pages/ShiftSettingPage.css[22m
[2m19:34:36[22m [36m[1m[vite][22m[39m [90m[2m(client)[22m[39m [32mhmr update [39m[2m/src/pages/ShiftSettingPage.tsx[22m
[2m19:34:36[22m [36m[1m[vite][22m[39m [90m[2m(client)[22m[39m [32mhmr update [39m[2m/src/pages/ShiftSettingPage.tsx[22m
[2m19:34:37[22m [36m[1m[vite][22m[39m [90m[2m(client)[22m[39m [32mpage reload [39m[2martifacts/dom-snapshots/baobiao--jiaojieban--jiaojieban/detail-clone-20260519-finalproof-page.html[22m
[2m19:34:47[22m [36m[1m[vite][22m[39m [90m[2m(client)[22m[39m [32mhmr update [39m[2m/src/pages/FinanceSettingPage.tsx[22m
[2m19:34:47[22m [36m[1m[vite][22m[39m [90m[2m(client)[22m[39m [32mhmr update [39m[2m/src/pages/FinanceSettingPage.tsx[22m
[2m19:34:47[22m [36m[1m[vite][22m[39m [90m[2m(client)[22m[39m [32mhmr update [39m[2m/src/pages/ShiftSettingPage.tsx[22m
[2m19:35:09[22m [36m[1m[vite][22m[39m [90m[2m(client)[22m[39m [32mhmr update [39m[2m/src/pages/NotificationSettingPage.css[22m
[2m19:35:25[22m [36m[1m[vite][22m[39m [90m[2m(client)[22m[39m [32mhmr update [39m[2m/src/App.tsx[22m
[2m19:36:03[22m [36m[1m[vite][22m[39m [90m[2m(client)[22m[39m [32mhmr update [39m[2m/src/pages/PaymentSettingPage.tsx[22m
[2m19:36:03[22m [36m[1m[vite][22m[39m [90m[2m(client)[22m[39m [32mhmr update [39m[2m/src/pages/PaymentSettingPage.tsx[22m
[2m19:36:03[22m [36m[1m[vite][22m[39m [90m[2m(client)[22m[39m [32mhmr update [39m[2m/src/pages/PaymentSettingPage.tsx[22m
[2m19:36:40[22m [36m[1m[vite][22m[39m [90m[2m(client)[22m[39m [32mhmr update [39m[2m/src/pages/PicturesVideosPage.tsx[22m
[2m19:37:11[22m [36m[1m[vite][22m[39m [90m[2m(client)[22m[39m [32mhmr update [39m[2m/src/pages/PaymentSettingPage.css[22m
[2m19:37:16[22m [36m[1m[vite][22m[39m [90m[2m(client)[22m[39m [32mhmr update [39m[2m/src/pages/PaymentSettingPage.css[22m
[2m19:37:21[22m [36m[1m[vite][22m[39m [90m[2m(client)[22m[39m [32mpage reload [39m[2mtmp/room-type-info-dist/index.html[22m
[2m19:37:44[22m [36m[1m[vite][22m[39m [90m[2m(client)[22m[39m [32mhmr update [39m[2m/src/pages/PaymentSettingPage.tsx[22m
[2m19:37:56[22m [36m[1m[vite][22m[39m [90m[2m(client)[22m[39m [32mpage reload [39m[2martifacts/dom-snapshots/baobiao--jiaojieban--jiaojieban/error-clone-20260519-finalproof-page.html[22m
[2m19:38:48[22m [36m[1m[vite][22m[39m [90m[2m(client)[22m[39m [32mhmr update [39m[2m/src/App.tsx[22m
[2m19:38:55[22m [36m[1m[vite][22m[39m [90m[2m(client)[22m[39m [32mhmr update [39m[2m/src/pages/PaymentSettingPage.tsx[22m
[2m19:39:31[22m [36m[1m[vite][22m[39m [90m[2m(client)[22m[39m [32mpage reload [39m[2martifacts/dom-snapshots/baobiao--jiaojieban--jiaojieban/settings-clone-20260519-finalproof-page.html[22m
[2m19:40:53[22m [36m[1m[vite][22m[39m [90m[2m(client)[22m[39m [32mpage reload [39m[2mtmp/write-expend-setting-dist/index.html[22m
[2m19:40:57[22m [36m[1m[vite][22m[39m [90m[2m(client)[22m[39m [32mhmr update [39m[2m/src/pages/PrintSettingPage.tsx[22m
[2m19:40:57[22m [36m[1m[vite][22m[39m [90m[2m(client)[22m[39m [32mhmr update [39m[2m/src/pages/PrintSettingPage.css[22m
[2m19:40:57[22m [36m[1m[vite][22m[39m [90m[2m(client)[22m[39m [32mhmr update [39m[2m/src/pages/PrintSettingPage.css[22m
[2m19:40:58[22m [36m[1m[vite][22m[39m [90m[2m(client)[22m[39m [32mhmr update [39m[2m/src/pages/PrintSettingPage.css[22m
[2m19:40:58[22m [36m[1m[vite][22m[39m [90m[2m(client)[22m[39m [32mhmr update [39m[2m/src/pages/PrintSettingPage.css[22m
[2m19:41:59[22m [36m[1m[vite][22m[39m [90m[2m(client)[22m[39m [32mpage reload [39m[2m.tmp/capture-shezhi--xinxi-weihu--fangxing-xinxi-clone-default-20260519195600/Default/Extensions/ngpampappnmepgilojfohadhhmbhlaek/6.42.60_0/captured.html[22m
[2m19:41:59[22m [36m[1m[vite][22m[39m [90m[2m(client)[22m[39m [32mpage reload [39m[2m.tmp/capture-shezhi--xinxi-weihu--fangxing-xinxi-clone-default-20260519195600/Default/Extensions/ngpampappnmepgilojfohadhhmbhlaek/6.42.60_0/welcome.html[22m
[2m19:42:12[22m [36m[1m[vite][22m[39m [90m[2m(client)[22m[39m [32mpage reload [39m[2martifacts/dom-snapshots/baobiao--jiaojieban--jiaojieban/settings-clone-20260519-settingsfix-page.html[22m
[2m19:43:11[22m [36m[1m[vite][22m[39m [90m[2m(client)[22m[39m [32mpage reload [39m[2mtmp/income-order-ledger-build/index.html[22m
[2m19:43:48[22m [36m[1m[vite][22m[39m [90m[2m(client)[22m[39m [32mpage reload [39m[2mtmp/custom-channel-harness/index.html[22m
[2m19:44:12[22m [36m[1m[vite][22m[39m [90m[2m(client)[22m[39m [32mpage reload [39m[2mtmp/company-info-build/index.html[22m
[2m19:44:18[22m [36m[1m[vite][22m[39m [90m[2m(client)[22m[39m [32mpage reload [39m[2mtmp/company-info-build/index.html[22m
[2m19:44:18[22m [36m[1m[vite][22m[39m [90m[2m(client)[22m[39m [32mhmr update [39m[2m/src/App.tsx[22m
[2m19:44:32[22m [36m[1m[vite][22m[39m [90m[2m(client)[22m[39m [32mhmr update [39m[2m/src/pages/MyBenefitPage.tsx[22m
[2m19:45:05[22m [36m[1m[vite][22m[39m [90m[2m(client)[22m[39m [32mpage reload [39m[2mtmp/auto-strategy-setting-harness/index.html[22m
[2m19:45:07[22m [36m[1m[vite][22m[39m [90m[2m(client)[22m[39m [32mhmr update [39m[2m/src/pages/NotificationSettingPage.tsx[22m
[2m19:45:21[22m [36m[1m[vite][22m[39m [90m[2m(client)[22m[39m [32mpage reload [39m[2m.tmp/capture-shezhi--xinxi-weihu--fangxing-xinxi-clone-default-20260519195600/Default/Extensions/nmmhkkegccagdldgiimedpiccmgmieda/1.0.0.6_0/html/craw_window.html[22m
[2m19:46:11[22m [36m[1m[vite][22m[39m [90m[2m(client)[22m[39m [32mhmr update [39m[2m/src/pages/MyBenefitPage.tsx[22m
[2m19:46:20[22m [36m[1m[vite][22m[39m [90m[2m(client)[22m[39m [32mhmr update [39m[2m/src/pages/MyBenefitPage.css[22m
[2m19:46:26[22m [36m[1m[vite][22m[39m [90m[2m(client)[22m[39m [32mhmr update [39m[2m/src/pages/HouseMonthsPage.tsx[22m
[2m19:47:21[22m [36m[1m[vite][22m[39m [90m[2m(client)[22m[39m [32mhmr update [39m[2m/src/pages/HouseMonthsPage.css[22m
[2m19:47:57[22m [36m[1m[vite][22m[39m [90m[2m(client)[22m[39m [32mpage reload [39m[2mtmp/months-drawer-dist/index.html[22m
[2m19:47:57[22m [36m[1m[vite][22m[39m [90m[2m(client)[22m[39m [32mpage reload [39m[2mtmp/months-drawer-dist/index.html[22m
[2m19:47:59[22m [36m[1m[vite][22m[39m [90m[2m(client)[22m[39m [32mpage reload [39m[2mtmp/months-drawer-dist/index.html[22m
[2m19:48:16[22m [36m[1m[vite][22m[39m [90m[2m(client)[22m[39m [32mhmr update [39m[2m/src/pages/MyBenefitPage.css[22m
[2m19:48:31[22m [36m[1m[vite][22m[39m [90m[2m(client)[22m[39m [32mhmr update [39m[2m/src/App.tsx[22m
[2m19:48:40[22m [36m[1m[vite][22m[39m [90m[2m(client)[22m[39m [32mhmr update [39m[2m/src/App.tsx[22m
[2m19:48:47[22m [36m[1m[vite][22m[39m [90m[2m(client)[22m[39m [32mhmr update [39m[2m/src/App.tsx[22m
[2m19:48:47[22m [36m[1m[vite][22m[39m [90m[2m(client)[22m[39m [32mhmr update [39m[2m/src/pages/MyBenefitPage.tsx[22m
[2m19:49:33[22m [36m[1m[vite][22m[39m [90m[2m(client)[22m[39m [32mpage reload [39m[2martifacts/dom-snapshots/yingyong-dingyue--quanyi-yu-dingyue--zhihuan-quanyi/default-clone-20260519-red-local-static-page.html[22m
[2m19:50:12[22m [36m[1m[vite][22m[39m [90m[2m(client)[22m[39m [32mhmr update [39m[2m/src/App.tsx[22m
[2m19:50:24[22m [36m[1m[vite][22m[39m [90m[2m(client)[22m[39m [32mhmr update [39m[2m/src/App.tsx[22m
[2m19:50:44[22m [36m[1m[vite][22m[39m [32mvite.config.ts changed, restarting server...[39m
[2m19:51:29[22m [36m[1m[vite][22m[39m [90m[2m(client)[22m[39m [optimizer] bundling dependencies...
[2m19:51:43[22m [36m[1m[vite][22m[39m server restarted.
[2m19:53:33[22m [36m[1m[vite][22m[39m [90m[2m(client)[22m[39m [32mpage reload [39m[2mtmp/subscription-displacement-build/index.html[22m
[2m19:53:39[22m [36m[1m[vite][22m[39m [90m[2m(client)[22m[39m [32mpage reload [39m[2martifacts/dom-snapshots/shezhi--xinxi-weihu--fangxing-xinxi/default-clone-20260519201000-page.html[22m
[2m19:53:47[22m [36m[1m[vite][22m[39m [90m[2m(client)[22m[39m [32mpage reload [39m[2mtmp/print-setting-build/index.html[22m
[2m19:54:23[22m [36m[1m[vite][22m[39m [90m[2m(client)[22m[39m [32mpage reload [39m[2m.tmp/capture-shezhi--xinxi-weihu--fangxing-xinxi-clone-default-20260519201000/Default/Extensions/ngpampappnmepgilojfohadhhmbhlaek/6.42.60_0/captured.html[22m
[2m19:54:23[22m [36m[1m[vite][22m[39m [90m[2m(client)[22m[39m [32mpage reload [39m[2m.tmp/capture-shezhi--xinxi-weihu--fangxing-xinxi-clone-default-20260519201000/Default/Extensions/ngpampappnmepgilojfohadhhmbhlaek/6.42.60_0/welcome.html[22m
[2m19:54:29[22m [36m[1m[vite][22m[39m [90m[2m(client)[22m[39m [32mpage reload [39m[2mtmp/pictures-videos-harness/index.html[22m
[2m19:54:39[22m [36m[1m[vite][22m[39m [90m[2m(client)[22m[39m [32mpage reload [39m[2mtmp/pictures-videos-build/index.html[22m
[2m19:55:15[22m [36m[1m[vite][22m[39m [90m[2m(client)[22m[39m [32mpage reload [39m[2mtmp/pictures-videos-build/index.html[22m
[2m19:55:15[22m [36m[1m[vite][22m[39m [90m[2m(client)[22m[39m [32mpage reload [39m[2mtmp/pictures-videos-build/index.html[22m
[2m19:55:21[22m [36m[1m[vite][22m[39m [32mvite.config.ts changed, restarting server...[39m
[2m19:55:21[22m [36m[1m[vite][22m[39m [90m[2m(client)[22m[39m Re-optimizing dependencies because vite config has changed
[2m19:55:23[22m [36m[1m[vite][22m[39m [90m[2m(client)[22m[39m [optimizer] bundling dependencies...
[2m19:55:23[22m [36m[1m[vite][22m[39m server restarted.
[2m19:55:38[22m [36m[1m[vite][22m[39m [90m[2m(client)[22m[39m [32mpage reload [39m[2mtmp/room-type-info-dist/index.html[22m
[2m19:55:51[22m [36m[1m[vite][22m[39m [90m[2m(client)[22m[39m [32mpage reload [39m[2martifacts/dom-snapshots/shezhi--xinxi-weihu--fangxing-xinxi/default-clone-20260519202000-page.html[22m
[2m19:55:55[22m [36m[1m[vite][22m[39m [90m[2m(client)[22m[39m [32mpage reload [39m[2m.tmp/capture-shezhi--xinxi-weihu--fangxing-xinxi-clone-default-20260519202000/Default/Extensions/ngpampappnmepgilojfohadhhmbhlaek/6.42.60_0/captured.html[22m
[2m19:55:55[22m [36m[1m[vite][22m[39m [90m[2m(client)[22m[39m [32mpage reload [39m[2m.tmp/capture-shezhi--xinxi-weihu--fangxing-xinxi-clone-default-20260519202000/Default/Extensions/ngpampappnmepgilojfohadhhmbhlaek/6.42.60_0/welcome.html[22m
[2m19:55:56[22m [36m[1m[vite][22m[39m [90m[2m(client)[22m[39m [32mpage reload [39m[2m.tmp/capture-shezhi--xinxi-weihu--fangxing-xinxi-clone-default-20260519202000/Default/Extensions/nmmhkkegccagdldgiimedpiccmgmieda/1.0.0.6_0/html/craw_window.html[22m
[2m19:57:18[22m [36m[1m[vite][22m[39m [90m[2m(client)[22m[39m [32mpage reload [39m[2m.tmp/verify-room-type-info-1779191835199-9786/Default/Extensions/ngpampappnmepgilojfohadhhmbhlaek/6.42.60_0/captured.html[22m
[2m19:57:18[22m [36m[1m[vite][22m[39m [90m[2m(client)[22m[39m [32mpage reload [39m[2m.tmp/verify-room-type-info-1779191835199-9786/Default/Extensions/ngpampappnmepgilojfohadhhmbhlaek/6.42.60_0/welcome.html[22m
[2m19:57:22[22m [36m[1m[vite][22m[39m [90m[2m(client)[22m[39m [32mpage reload [39m[2m.tmp/verify-room-type-info-1779191835199-9786/Default/Extensions/nmmhkkegccagdldgiimedpiccmgmieda/1.0.0.6_0/html/craw_window.html[22m
[2m19:57:34[22m [36m[1m[vite][22m[39m [90m[2m(client)[22m[39m [32mpage reload [39m[2martifacts/dom-snapshots/baobiao--jiaojieban--jiaojieban/default-target-20260519-complete-page.html[22m
[2m19:57:39[22m [36m[1m[vite][22m[39m [90m[2m(client)[22m[39m [32mpage reload [39m[2martifacts/dom-snapshots/baobiao--jiaojieban--jiaojieban/default-clone-20260519-complete-page.html[22m
[2m19:57:44[22m [36m[1m[vite][22m[39m [90m[2m(client)[22m[39m [32mpage reload [39m[2martifacts/dom-snapshots/baobiao--jiaojieban--jiaojieban/query-clone-20260519-complete-page.html[22m
[2m19:57:47[22m [36m[1m[vite][22m[39m [90m[2m(client)[22m[39m [32mpage reload [39m[2m.tmp/verify-room-type-info-1779191864621-9759/Default/Extensions/ngpampappnmepgilojfohadhhmbhlaek/6.42.60_0/captured.html[22m
[2m19:57:47[22m [36m[1m[vite][22m[39m [90m[2m(client)[22m[39m [32mpage reload [39m[2m.tmp/verify-room-type-info-1779191864621-9759/Default/Extensions/ngpampappnmepgilojfohadhhmbhlaek/6.42.60_0/welcome.html[22m
[2m19:57:51[22m [36m[1m[vite][22m[39m [90m[2m(client)[22m[39m [32mpage reload [39m[2martifacts/dom-snapshots/baobiao--jiaojieban--jiaojieban/detail-clone-20260519-complete-page.html[22m
[2m19:57:51[22m [36m[1m[vite][22m[39m [90m[2m(client)[22m[39m [32mpage reload [39m[2m.tmp/verify-room-type-info-1779191864621-9759/Default/Extensions/nmmhkkegccagdldgiimedpiccmgmieda/1.0.0.6_0/html/craw_window.html[22m
[2m19:57:55[22m [36m[1m[vite][22m[39m [90m[2m(client)[22m[39m [32mpage reload [39m[2martifacts/dom-snapshots/baobiao--jiaojieban--jiaojieban/error-clone-20260519-complete-page.html[22m
[2m19:58:01[22m [36m[1m[vite][22m[39m [90m[2m(client)[22m[39m [32mpage reload [39m[2martifacts/dom-snapshots/baobiao--jiaojieban--jiaojieban/settings-clone-20260519-complete-page.html[22m
[2m19:58:38[22m [36m[1m[vite][22m[39m [90m[2m(client)[22m[39m [32mpage reload [39m[2m.tmp/verify-room-type-info-1779191914785-9644/Default/Extensions/ngpampappnmepgilojfohadhhmbhlaek/6.42.60_0/captured.html[22m
[2m19:58:38[22m [36m[1m[vite][22m[39m [90m[2m(client)[22m[39m [32mpage reload [39m[2m.tmp/verify-room-type-info-1779191914785-9644/Default/Extensions/ngpampappnmepgilojfohadhhmbhlaek/6.42.60_0/welcome.html[22m
[2m19:58:42[22m [36m[1m[vite][22m[39m [90m[2m(client)[22m[39m [32mpage reload [39m[2m.tmp/verify-room-type-info-1779191914785-9644/Default/Extensions/nmmhkkegccagdldgiimedpiccmgmieda/1.0.0.6_0/html/craw_window.html[22m
[2m19:59:09[22m [36m[1m[vite][22m[39m [90m[2m(client)[22m[39m [32mpage reload [39m[2m.tmp/verify-room-type-info-1779191947830-9711/Default/Extensions/ngpampappnmepgilojfohadhhmbhlaek/6.42.60_0/captured.html[22m
[2m19:59:09[22m [36m[1m[vite][22m[39m [90m[2m(client)[22m[39m [32mpage reload [39m[2m.tmp/verify-room-type-info-1779191947830-9711/Default/Extensions/ngpampappnmepgilojfohadhhmbhlaek/6.42.60_0/welcome.html[22m
[2m19:59:14[22m [36m[1m[vite][22m[39m [90m[2m(client)[22m[39m [32mpage reload [39m[2m.tmp/verify-room-type-info-1779191947830-9711/Default/Extensions/nmmhkkegccagdldgiimedpiccmgmieda/1.0.0.6_0/html/craw_window.html[22m
[2m19:59:29[22m [36m[1m[vite][22m[39m [90m[2m(client)[22m[39m [32mpage reload [39m[2m.tmp/verify-room-type-info-1779191967240-9753/Default/Extensions/ngpampappnmepgilojfohadhhmbhlaek/6.42.60_0/captured.html[22m
[2m19:59:29[22m [36m[1m[vite][22m[39m [90m[2m(client)[22m[39m [32mpage reload [39m[2m.tmp/verify-room-type-info-1779191967240-9753/Default/Extensions/ngpampappnmepgilojfohadhhmbhlaek/6.42.60_0/welcome.html[22m
[2m19:59:32[22m [36m[1m[vite][22m[39m [90m[2m(client)[22m[39m [32mpage reload [39m[2m.tmp/verify-room-type-info-1779191967240-9753/Default/Extensions/nmmhkkegccagdldgiimedpiccmgmieda/1.0.0.6_0/html/craw_window.html[22m
[2m20:00:03[22m [36m[1m[vite][22m[39m [90m[2m(client)[22m[39m [32mpage reload [39m[2m.tmp/verify-room-type-info-1779192000755-9663/Default/Extensions/ngpampappnmepgilojfohadhhmbhlaek/6.42.60_0/captured.html[22m
[2m20:00:03[22m [36m[1m[vite][22m[39m [90m[2m(client)[22m[39m [32mpage reload [39m[2m.tmp/verify-room-type-info-1779192000755-9663/Default/Extensions/ngpampappnmepgilojfohadhhmbhlaek/6.42.60_0/welcome.html[22m
[2m20:00:07[22m [36m[1m[vite][22m[39m [90m[2m(client)[22m[39m [32mpage reload [39m[2m.tmp/verify-room-type-info-1779192000755-9663/Default/Extensions/nmmhkkegccagdldgiimedpiccmgmieda/1.0.0.6_0/html/craw_window.html[22m
[2m20:00:48[22m [36m[1m[vite][22m[39m [90m[2m(client)[22m[39m [32mpage reload [39m[2m.tmp/capture-shezhi--xinxi-weihu--fangxing-xinxi-clone-default-20260519203000/Default/Extensions/ngpampappnmepgilojfohadhhmbhlaek/6.42.60_0/captured.html[22m
[2m20:00:48[22m [36m[1m[vite][22m[39m [90m[2m(client)[22m[39m [32mpage reload [39m[2m.tmp/capture-shezhi--xinxi-weihu--fangxing-xinxi-clone-default-20260519203000/Default/Extensions/ngpampappnmepgilojfohadhhmbhlaek/6.42.60_0/welcome.html[22m
[2m20:00:52[22m [36m[1m[vite][22m[39m [90m[2m(client)[22m[39m [32mpage reload [39m[2martifacts/dom-snapshots/shezhi--xinxi-weihu--fangxing-xinxi/default-clone-20260519203000-page.html[22m
[2m20:00:54[22m [36m[1m[vite][22m[39m [90m[2m(client)[22m[39m [32mpage reload [39m[2m.tmp/capture-shezhi--xinxi-weihu--fangxing-xinxi-clone-default-20260519203000/Default/Extensions/nmmhkkegccagdldgiimedpiccmgmieda/1.0.0.6_0/html/craw_window.html[22m
[2m20:01:19[22m [36m[1m[vite][22m[39m [90m[2m(client)[22m[39m [32mpage reload [39m[2mtmp/income-order-ledger-build/index.html[22m
[2m20:01:20[22m [36m[1m[vite][22m[39m [90m[2m(client)[22m[39m [32mpage reload [39m[2mtmp/income-order-ledger-build/index.html[22m
[2m20:02:43[22m [36m[1m[vite][22m[39m [90m[2m(client)[22m[39m [32mpage reload [39m[2martifacts/dom-snapshots/baobiao--tongji-baobiao--shouru-baobiao/error-clone-20260519-fresh-local-error-page.html[22m
[2m20:02:43[22m [36m[1m[vite][22m[39m [90m[2m(client)[22m[39m [32mpage reload [39m[2martifacts/dom-snapshots/baobiao--tongji-baobiao--shouru-baobiao/empty-clone-20260519-fresh-local-empty-page.html[22m
[2m20:02:44[22m [36m[1m[vite][22m[39m [90m[2m(client)[22m[39m [32mpage reload [39m[2martifacts/dom-snapshots/baobiao--tongji-baobiao--shouru-baobiao/default-clone-20260519-fresh-local-default-page.html[22m
[2m20:02:46[22m [36m[1m[vite][22m[39m [90m[2m(client)[22m[39m [32mpage reload [39m[2martifacts/dom-snapshots/baobiao--tongji-baobiao--shouru-baobiao/download-detail-clone-20260519-fresh-local-download-detail-page.html[22m
[2m20:03:12[22m [36m[1m[vite][22m[39m [90m[2m(client)[22m[39m [32mpage reload [39m[2martifacts/dom-snapshots/shezhi--tongyong-shezhi--zidingyi-qudao/success-clone-20260519-page.html[22m
[2m20:03:15[22m [36m[1m[vite][22m[39m [90m[2m(client)[22m[39m [32mpage reload [39m[2martifacts/dom-snapshots/shezhi--tongyong-shezhi--zidingyi-qudao/empty-clone-20260519-page.html[22m
[2m20:03:17[22m [36m[1m[vite][22m[39m [90m[2m(client)[22m[39m [32mpage reload [39m[2martifacts/dom-snapshots/shezhi--tongyong-shezhi--zidingyi-qudao/error-clone-20260519-page.html[22m
[2m20:03:48[22m [36m[1m[vite][22m[39m [90m[2m(client)[22m[39m [32mpage reload [39m[2mtmp/room-type-info-dist/index.html[22m
[2m20:03:49[22m [36m[1m[vite][22m[39m [90m[2m(client)[22m[39m [32mpage reload [39m[2mtmp/room-type-info-dist/index.html[22m
[2m20:04:16[22m [36m[1m[vite][22m[39m [90m[2m(client)[22m[39m [32mpage reload [39m[2mtmp/company-info-build/index.html[22m
[2m20:04:17[22m [36m[1m[vite][22m[39m [90m[2m(client)[22m[39m [32mpage reload [39m[2mtmp/company-info-build/index.html[22m
[2m20:04:30[22m [36m[1m[vite][22m[39m [90m[2m(client)[22m[39m [32mpage reload [39m[2m.tmp/verify-room-type-info-1779192268142-9725/Default/Extensions/ngpampappnmepgilojfohadhhmbhlaek/6.42.60_0/captured.html[22m
[2m20:04:30[22m [36m[1m[vite][22m[39m [90m[2m(client)[22m[39m [32mpage reload [39m[2m.tmp/verify-room-type-info-1779192268142-9725/Default/Extensions/ngpampappnmepgilojfohadhhmbhlaek/6.42.60_0/welcome.html[22m
[2m20:04:33[22m [36m[1m[vite][22m[39m [90m[2m(client)[22m[39m [32mpage reload [39m[2m.tmp/verify-room-type-info-1779192268142-9725/Default/Extensions/nmmhkkegccagdldgiimedpiccmgmieda/1.0.0.6_0/html/craw_window.html[22m
[2m20:05:08[22m [36m[1m[vite][22m[39m [90m[2m(client)[22m[39m [32mpage reload [39m[2m.tmp/capture-shezhi--xinxi-weihu--fangxing-xinxi-clone-default-20260519120505/Default/Extensions/ngpampappnmepgilojfohadhhmbhlaek/6.42.60_0/captured.html[22m
[2m20:05:08[22m [36m[1m[vite][22m[39m [90m[2m(client)[22m[39m [32mpage reload [39m[2m.tmp/capture-shezhi--xinxi-weihu--fangxing-xinxi-clone-default-20260519120505/Default/Extensions/ngpampappnmepgilojfohadhhmbhlaek/6.42.60_0/welcome.html[22m
[2m20:05:12[22m [36m[1m[vite][22m[39m [90m[2m(client)[22m[39m [32mpage reload [39m[2m.tmp/capture-shezhi--xinxi-weihu--fangxing-xinxi-clone-default-20260519120505/Default/Extensions/nmmhkkegccagdldgiimedpiccmgmieda/1.0.0.6_0/html/craw_window.html[22m
[2m20:05:12[22m [36m[1m[vite][22m[39m [90m[2m(client)[22m[39m [32mpage reload [39m[2martifacts/dom-snapshots/shezhi--xinxi-weihu--fangxing-xinxi/default-clone-20260519120505-page.html[22m
[2m20:05:17[22m [36m[1m[vite][22m[39m [90m[2m(client)[22m[39m [32mpage reload [39m[2m.tmp/capture-shezhi--xinxi-weihu--fangxing-xinxi-clone-new-room-type-20260519120514/Default/Extensions/ngpampappnmepgilojfohadhhmbhlaek/6.42.60_0/captured.html[22m
[2m20:05:17[22m [36m[1m[vite][22m[39m [90m[2m(client)[22m[39m [32mpage reload [39m[2m.tmp/capture-shezhi--xinxi-weihu--fangxing-xinxi-clone-new-room-type-20260519120514/Default/Extensions/ngpampappnmepgilojfohadhhmbhlaek/6.42.60_0/welcome.html[22m
[2m20:05:22[22m [36m[1m[vite][22m[39m [90m[2m(client)[22m[39m [32mpage reload [39m[2martifacts/dom-snapshots/shezhi--xinxi-weihu--fangxing-xinxi/new-room-type-clone-20260519120514-page.html[22m
[2m20:05:22[22m [36m[1m[vite][22m[39m [90m[2m(client)[22m[39m [32mpage reload [39m[2m.tmp/capture-shezhi--xinxi-weihu--fangxing-xinxi-clone-new-room-type-20260519120514/Default/Extensions/nmmhkkegccagdldgiimedpiccmgmieda/1.0.0.6_0/html/craw_window.html[22m
[2m20:05:26[22m [36m[1m[vite][22m[39m [90m[2m(client)[22m[39m [32mpage reload [39m[2m.tmp/capture-shezhi--xinxi-weihu--fangxing-xinxi-clone-detail-first-20260519120524/Default/Extensions/ngpampappnmepgilojfohadhhmbhlaek/6.42.60_0/captured.html[22m
[2m20:05:27[22m [36m[1m[vite][22m[39m [90m[2m(client)[22m[39m [32mpage reload [39m[2m.tmp/capture-shezhi--xinxi-weihu--fangxing-xinxi-clone-detail-first-20260519120524/Default/Extensions/ngpampappnmepgilojfohadhhmbhlaek/6.42.60_0/welcome.html[22m
[2m20:05:30[22m [36m[1m[vite][22m[39m [90m[2m(client)[22m[39m [32mpage reload [39m[2m.tmp/capture-shezhi--xinxi-weihu--fangxing-xinxi-clone-detail-first-20260519120524/Default/Extensions/nmmhkkegccagdldgiimedpiccmgmieda/1.0.0.6_0/html/craw_window.html[22m
[2m20:05:31[22m [36m[1m[vite][22m[39m [90m[2m(client)[22m[39m [32mpage reload [39m[2martifacts/dom-snapshots/shezhi--xinxi-weihu--fangxing-xinxi/detail-first-clone-20260519120524-page.html[22m
[2m20:05:35[22m [36m[1m[vite][22m[39m [90m[2m(client)[22m[39m [32mpage reload [39m[2m.tmp/capture-shezhi--xinxi-weihu--fangxing-xinxi-clone-room-first-20260519120533/Default/Extensions/ngpampappnmepgilojfohadhhmbhlaek/6.42.60_0/captured.html[22m
[2m20:05:35[22m [36m[1m[vite][22m[39m [90m[2m(client)[22m[39m [32mpage reload [39m[2m.tmp/capture-shezhi--xinxi-weihu--fangxing-xinxi-clone-room-first-20260519120533/Default/Extensions/ngpampappnmepgilojfohadhhmbhlaek/6.42.60_0/welcome.html[22m
[2m20:05:40[22m [36m[1m[vite][22m[39m [90m[2m(client)[22m[39m [32mpage reload [39m[2m.tmp/capture-shezhi--xinxi-weihu--fangxing-xinxi-clone-room-first-20260519120533/Default/Extensions/nmmhkkegccagdldgiimedpiccmgmieda/1.0.0.6_0/html/craw_window.html[22m
[2m20:05:41[22m [36m[1m[vite][22m[39m [90m[2m(client)[22m[39m [32mpage reload [39m[2martifacts/dom-snapshots/shezhi--xinxi-weihu--fangxing-xinxi/room-first-clone-20260519120533-page.html[22m
[2m20:05:45[22m [36m[1m[vite][22m[39m [90m[2m(client)[22m[39m [32mpage reload [39m[2m.tmp/capture-shezhi--xinxi-weihu--fangxing-xinxi-clone-linkage-first-20260519120542/Default/Extensions/ngpampappnmepgilojfohadhhmbhlaek/6.42.60_0/captured.html[22m
[2m20:05:45[22m [36m[1m[vite][22m[39m [90m[2m(client)[22m[39m [32mpage reload [39m[2m.tmp/capture-shezhi--xinxi-weihu--fangxing-xinxi-clone-linkage-first-20260519120542/Default/Extensions/ngpampappnmepgilojfohadhhmbhlaek/6.42.60_0/welcome.html[22m
[2m20:05:48[22m [36m[1m[vite][22m[39m [90m[2m(client)[22m[39m [32mpage reload [39m[2m.tmp/capture-shezhi--xinxi-weihu--fangxing-xinxi-clone-linkage-first-20260519120542/Default/Extensions/nmmhkkegccagdldgiimedpiccmgmieda/1.0.0.6_0/html/craw_window.html[22m
[2m20:05:50[22m [36m[1m[vite][22m[39m [90m[2m(client)[22m[39m [32mpage reload [39m[2martifacts/dom-snapshots/shezhi--xinxi-weihu--fangxing-xinxi/linkage-first-clone-20260519120542-page.html[22m
[2m20:05:56[22m [36m[1m[vite][22m[39m [90m[2m(client)[22m[39m [32mpage reload [39m[2m.tmp/capture-shezhi--xinxi-weihu--fangxing-xinxi-clone-group-filter-20260519120552/Default/Extensions/ngpampappnmepgilojfohadhhmbhlaek/6.42.60_0/captured.html[22m
[2m20:05:56[22m [36m[1m[vite][22m[39m [90m[2m(client)[22m[39m [32mpage reload [39m[2m.tmp/capture-shezhi--xinxi-weihu--fangxing-xinxi-clone-group-filter-20260519120552/Default/Extensions/ngpampappnmepgilojfohadhhmbhlaek/6.42.60_0/welcome.html[22m
[2m20:06:01[22m [36m[1m[vite][22m[39m [90m[2m(client)[22m[39m [32mpage reload [39m[2martifacts/dom-snapshots/shezhi--xinxi-weihu--fangxing-xinxi/group-filter-clone-20260519120552-page.html[22m
[2m20:06:01[22m [36m[1m[vite][22m[39m [90m[2m(client)[22m[39m [32mpage reload [39m[2m.tmp/capture-shezhi--xinxi-weihu--fangxing-xinxi-clone-group-filter-20260519120552/Default/Extensions/nmmhkkegccagdldgiimedpiccmgmieda/1.0.0.6_0/html/craw_window.html[22m
[2m20:06:02[22m [36m[1m[vite][22m[39m [90m[2m(client)[22m[39m [32mpage reload [39m[2martifacts/dom-snapshots/shezhi--xinxi-weihu--mendian-xinxi/default-clone-20260519-local-95-page.html[22m
[2m20:06:09[22m [36m[1m[vite][22m[39m [90m[2m(client)[22m[39m [32mpage reload [39m[2m.tmp/capture-shezhi--xinxi-weihu--fangxing-xinxi-clone-store-filter-20260519120604/Default/Extensions/ngpampappnmepgilojfohadhhmbhlaek/6.42.60_0/captured.html[22m
[2m20:06:09[22m [36m[1m[vite][22m[39m [90m[2m(client)[22m[39m [32mpage reload [39m[2m.tmp/capture-shezhi--xinxi-weihu--fangxing-xinxi-clone-store-filter-20260519120604/Default/Extensions/ngpampappnmepgilojfohadhhmbhlaek/6.42.60_0/welcome.html[22m
[2m20:06:12[22m [36m[1m[vite][22m[39m [90m[2m(client)[22m[39m [32mpage reload [39m[2martifacts/dom-snapshots/shezhi--xinxi-weihu--fangxing-xinxi/store-filter-clone-20260519120604-page.html[22m
[2m20:06:12[22m [36m[1m[vite][22m[39m [90m[2m(client)[22m[39m [32mpage reload [39m[2martifacts/dom-snapshots/shezhi--xinxi-weihu--fangxing-xinxi/store-filter-clone-20260519120604-page.html[22m
[2m20:06:15[22m [36m[1m[vite][22m[39m [90m[2m(client)[22m[39m [32mpage reload [39m[2m.tmp/capture-shezhi--xinxi-weihu--fangxing-xinxi-clone-store-filter-20260519120604/Default/Extensions/nmmhkkegccagdldgiimedpiccmgmieda/1.0.0.6_0/html/craw_window.html[22m
[2m20:06:18[22m [36m[1m[vite][22m[39m [90m[2m(client)[22m[39m [32mpage reload [39m[2m.tmp/capture-shezhi--xinxi-weihu--fangxing-xinxi-clone-search-20260519120614/Default/Extensions/ngpampappnmepgilojfohadhhmbhlaek/6.42.60_0/captured.html[22m
[2m20:06:18[22m [36m[1m[vite][22m[39m [90m[2m(client)[22m[39m [32mpage reload [39m[2m.tmp/capture-shezhi--xinxi-weihu--fangxing-xinxi-clone-search-20260519120614/Default/Extensions/ngpampappnmepgilojfohadhhmbhlaek/6.42.60_0/welcome.html[22m
[2m20:06:18[22m [36m[1m[vite][22m[39m [90m[2m(client)[22m[39m [32mpage reload [39m[2martifacts/dom-snapshots/shezhi--xinxi-weihu--mendian-xinxi/new-store-clone-20260519-local-95-page.html[22m
[2m20:06:22[22m [36m[1m[vite][22m[39m [90m[2m(client)[22m[39m [32mpage reload [39m[2m.tmp/capture-shezhi--xinxi-weihu--fangxing-xinxi-clone-search-20260519120614/Default/Extensions/nmmhkkegccagdldgiimedpiccmgmieda/1.0.0.6_0/html/craw_window.html[22m
[2m20:06:24[22m [36m[1m[vite][22m[39m [90m[2m(client)[22m[39m [32mpage reload [39m[2martifacts/dom-snapshots/shezhi--xinxi-weihu--fangxing-xinxi/search-clone-20260519120614-page.html[22m
[2m20:06:28[22m [36m[1m[vite][22m[39m [90m[2m(client)[22m[39m [32mpage reload [39m[2m.tmp/capture-shezhi--xinxi-weihu--fangxing-xinxi-clone-delete-first-20260519120625/Default/Extensions/ngpampappnmepgilojfohadhhmbhlaek/6.42.60_0/captured.html[22m
[2m20:06:28[22m [36m[1m[vite][22m[39m [90m[2m(client)[22m[39m [32mpage reload [39m[2m.tmp/capture-shezhi--xinxi-weihu--fangxing-xinxi-clone-delete-first-20260519120625/Default/Extensions/ngpampappnmepgilojfohadhhmbhlaek/6.42.60_0/welcome.html[22m
[2m20:06:31[22m [36m[1m[vite][22m[39m [90m[2m(client)[22m[39m [32mpage reload [39m[2m.tmp/capture-shezhi--xinxi-weihu--fangxing-xinxi-clone-delete-first-20260519120625/Default/Extensions/nmmhkkegccagdldgiimedpiccmgmieda/1.0.0.6_0/html/craw_window.html[22m
[2m20:06:33[22m [36m[1m[vite][22m[39m [90m[2m(client)[22m[39m [32mpage reload [39m[2martifacts/dom-snapshots/shezhi--xinxi-weihu--fangxing-xinxi/delete-first-clone-20260519120625-page.html[22m
[2m20:06:37[22m [36m[1m[vite][22m[39m [90m[2m(client)[22m[39m [32mpage reload [39m[2martifacts/dom-snapshots/shezhi--xinxi-weihu--mendian-xinxi/sort-clone-20260519-local-95-page.html[22m
[2m20:06:37[22m [36m[1m[vite][22m[39m [90m[2m(client)[22m[39m [32mpage reload [39m[2m.tmp/capture-shezhi--xinxi-weihu--fangxing-xinxi-clone-empty-20260519120634/Default/Extensions/ngpampappnmepgilojfohadhhmbhlaek/6.42.60_0/captured.html[22m
[2m20:06:37[22m [36m[1m[vite][22m[39m [90m[2m(client)[22m[39m [32mpage reload [39m[2m.tmp/capture-shezhi--xinxi-weihu--fangxing-xinxi-clone-empty-20260519120634/Default/Extensions/ngpampappnmepgilojfohadhhmbhlaek/6.42.60_0/welcome.html[22m
[2m20:06:40[22m [36m[1m[vite][22m[39m [90m[2m(client)[22m[39m [32mpage reload [39m[2martifacts/dom-snapshots/shezhi--xinxi-weihu--fangxing-xinxi/empty-clone-20260519120634-page.html[22m
[2m20:06:43[22m [36m[1m[vite][22m[39m [90m[2m(client)[22m[39m [32mpage reload [39m[2m.tmp/capture-shezhi--xinxi-weihu--fangxing-xinxi-clone-empty-20260519120634/Default/Extensions/Temp/scoped_dir30896_505097470/CRX_INSTALL/html/craw_window.html[22m
[2m20:06:44[22m [36m[1m[vite][22m[39m [90m[2m(client)[22m[39m [32mpage reload [39m[2m.tmp/capture-shezhi--xinxi-weihu--fangxing-xinxi-clone-empty-20260519120634/Default/Extensions/Temp/scoped_dir30896_505097470/CRX_INSTALL/html/craw_window.html[22m
[2m20:06:44[22m [36m[1m[vite][22m[39m [90m[2m(client)[22m[39m [32mpage reload [39m[2m.tmp/capture-shezhi--xinxi-weihu--fangxing-xinxi-clone-empty-20260519120634/Default/Extensions/nmmhkkegccagdldgiimedpiccmgmieda/1.0.0.6_0/html/craw_window.html[22m
[2m20:06:46[22m [36m[1m[vite][22m[39m [90m[2m(client)[22m[39m [32mpage reload [39m[2m.tmp/capture-shezhi--xinxi-weihu--fangxing-xinxi-clone-error-20260519120642/Default/Extensions/ngpampappnmepgilojfohadhhmbhlaek/6.42.60_0/captured.html[22m
[2m20:06:46[22m [36m[1m[vite][22m[39m [90m[2m(client)[22m[39m [32mpage reload [39m[2m.tmp/capture-shezhi--xinxi-weihu--fangxing-xinxi-clone-error-20260519120642/Default/Extensions/ngpampappnmepgilojfohadhhmbhlaek/6.42.60_0/welcome.html[22m
[2m20:06:48[22m [36m[1m[vite][22m[39m [90m[2m(client)[22m[39m [32mpage reload [39m[2martifacts/dom-snapshots/shezhi--xinxi-weihu--fangxing-xinxi/error-clone-20260519120642-page.html[22m
[2m20:06:49[22m [36m[1m[vite][22m[39m [90m[2m(client)[22m[39m [32mpage reload [39m[2m.tmp/capture-shezhi--xinxi-weihu--fangxing-xinxi-clone-error-20260519120642/Default/Extensions/nmmhkkegccagdldgiimedpiccmgmieda/1.0.0.6_0/html/craw_window.html[22m
[2m20:07:13[22m [36m[1m[vite][22m[39m [32mvite.config.ts changed, restarting server...[39m
[2m20:07:14[22m [36m[1m[vite][22m[39m server restarted.
[2m20:08:54[22m [36m[1m[vite][22m[39m [90m[2m(client)[22m[39m [32mpage reload [39m[2mtmp/pictures-videos-build/index.html[22m
[2m20:08:55[22m [36m[1m[vite][22m[39m [90m[2m(client)[22m[39m [32mpage reload [39m[2mtmp/pictures-videos-build/index.html[22m
[2m20:09:38[22m [36m[1m[vite][22m[39m [90m[2m(client)[22m[39m [32mhmr update [39m[2m/src/App.tsx[22m
[2m20:09:46[22m [36m[1m[vite][22m[39m [90m[2m(client)[22m[39m [32mhmr update [39m[2m/src/App.tsx[22m
[2m20:10:20[22m [36m[1m[vite][22m[39m [90m[2m(client)[22m[39m [32mhmr update [39m[2m/src/App.tsx[22m
[2m20:10:41[22m [36m[1m[vite][22m[39m [90m[2m(client)[22m[39m [32mpage reload [39m[2mtmp/income-order-ledger-build/index.html[22m
[2m20:10:41[22m [36m[1m[vite][22m[39m [90m[2m(client)[22m[39m [32mpage reload [39m[2mtmp/income-order-ledger-build/index.html[22m
[2m20:11:47[22m [36m[1m[vite][22m[39m [90m[2m(client)[22m[39m [32mpage reload [39m[2m.tmp/capture-shezhi--xinxi-weihu--fangxing-xinxi-clone-empty-20260519120634/WasmTtsEngine/20260514.1/offscreen.html[22m
[2m20:12:07[22m [36m[1m[vite][22m[39m [90m[2m(client)[22m[39m [32mpage reload [39m[2m.tmp/capture-shezhi--xinxi-weihu--fangxing-xinxi-clone-store-filter-20260519120604/WasmTtsEngine/20260514.1/offscreen.html[22m
[2m20:12:50[22m [36m[1m[vite][22m[39m [90m[2m(client)[22m[39m [32mpage reload [39m[2m.tmp/capture-shezhi--xinxi-weihu--fangxing-xinxi-clone-error-20260519120642/WasmTtsEngine/20260514.1/offscreen.html[22m
[2m20:13:38[22m [36m[1m[vite][22m[39m [90m[2m(client)[22m[39m [32mpage reload [39m[2m.tmp/verify-room-type-info-1779191947830-9711/WasmTtsEngine/20260514.1/offscreen.html[22m
[2m20:15:30[22m [36m[1m[vite][22m[39m [90m[2m(client)[22m[39m [32mpage reload [39m[2m.tmp/capture-shezhi--xinxi-weihu--fangxing-xinxi-clone-group-filter-20260519120552/WasmTtsEngine/20260514.1/offscreen.html[22m
[2m20:16:50[22m [36m[1m[vite][22m[39m [90m[2m(client)[22m[39m [32mpage reload [39m[2m.tmp/capture-shezhi--xinxi-weihu--fangxing-xinxi-clone-delete-first-20260519120625/WasmTtsEngine/20260514.1/offscreen.html[22m
[2m20:17:07[22m [36m[1m[vite][22m[39m [90m[2m(client)[22m[39m [32mpage reload [39m[2m.tmp/capture-shezhi--xinxi-weihu--fangxing-xinxi-clone-linkage-first-20260519120542/WasmTtsEngine/20260514.1/offscreen.html[22m
[2m20:47:25[22m [36m[1m[vite][22m[39m [90m[2m(client)[22m[39m [32mpage reload [39m[2mtmp/income-order-ledger-build/index.html[22m
[2m20:47:25[22m [36m[1m[vite][22m[39m [90m[2m(client)[22m[39m [32mpage reload [39m[2mtmp/income-order-ledger-build/index.html[22m
[2m20:48:29[22m [36m[1m[vite][22m[39m [90m[2m(client)[22m[39m [32mhmr update [39m[2m/src/pages/IncomeReportPage.tsx[22m
[2m20:49:02[22m [36m[1m[vite][22m[39m [90m[2m(client)[22m[39m [32mpage reload [39m[2mtmp/income-order-ledger-build/index.html[22m
[2m20:49:02[22m [36m[1m[vite][22m[39m [90m[2m(client)[22m[39m [32mpage reload [39m[2mtmp/income-order-ledger-build/index.html[22m
[2m20:51:40[22m [36m[1m[vite][22m[39m [90m[2m(client)[22m[39m [32mpage reload [39m[2mtmp/months-drawer-dist/index.html[22m
[2m20:51:40[22m [36m[1m[vite][22m[39m [90m[2m(client)[22m[39m [32mpage reload [39m[2mtmp/months-drawer-dist/index.html[22m
[2m20:54:12[22m [36m[1m[vite][22m[39m [90m[2m(client)[22m[39m [32mpage reload [39m[2mtmp/income-order-ledger-build/index.html[22m
[2m20:54:12[22m [36m[1m[vite][22m[39m [90m[2m(client)[22m[39m [32mpage reload [39m[2mtmp/income-order-ledger-build/index.html[22m
[2m21:01:33[22m [36m[1m[vite][22m[39m [90m[2m(client)[22m[39m [32mpage reload [39m[2mtmp/months-drawer-dist/index.html[22m
[2m21:02:58[22m [36m[1m[vite][22m[39m [90m[2m(client)[22m[39m [32mpage reload [39m[2mtmp/write-expend-setting-dist/index.html[22m
[2m21:02:58[22m [36m[1m[vite][22m[39m [90m[2m(client)[22m[39m [32mpage reload [39m[2mtmp/write-expend-setting-dist/index.html[22m
[2m21:06:18[22m [36m[1m[vite][22m[39m [90m[2m(client)[22m[39m [32mhmr update [39m[2m/src/App.tsx[22m
[2m21:06:26[22m [36m[1m[vite][22m[39m [90m[2m(client)[22m[39m [32mhmr update [39m[2m/src/App.tsx[22m
[2m21:10:37[22m [36m[1m[vite][22m[39m [90m[2m(client)[22m[39m [32mhmr update [39m[2m/src/App.tsx[22m
[2m21:11:33[22m [36m[1m[vite][22m[39m [90m[2m(client)[22m[39m [32mpage reload [39m[2mtmp/print-setting-build/index.html[22m
[2m21:11:34[22m [36m[1m[vite][22m[39m [90m[2m(client)[22m[39m [32mpage reload [39m[2mtmp/print-setting-build/index.html[22m
[2m21:11:59[22m [36m[1m[vite][22m[39m [90m[2m(client)[22m[39m [32mpage reload [39m[2martifacts/dom-snapshots/shezhi--tongyong-shezhi--tongzhi-shezhi/default-clone-20260520-local-notification-page.html[22m
[2m21:12:06[22m [36m[1m[vite][22m[39m [90m[2m(client)[22m[39m [32mhmr update [39m[2m/src/App.tsx[22m
[2m21:12:57[22m [36m[1m[vite][22m[39m [90m[2m(client)[22m[39m [32mhmr update [39m[2m/src/App.tsx[22m
[2m21:13:10[22m [36m[1m[vite][22m[39m [90m[2m(client)[22m[39m [32mhmr update [39m[2m/src/App.tsx[22m
[2m21:14:11[22m [36m[1m[vite][22m[39m [90m[2m(client)[22m[39m [32mpage reload [39m[2martifacts/dom-snapshots/shezhi--tongyong-shezhi--dayin-shezhi/default-clone-20260520-clone-default-page.html[22m
[2m21:14:22[22m [36m[1m[vite][22m[39m [90m[2m(client)[22m[39m [32mpage reload [39m[2martifacts/dom-snapshots/shezhi--tongyong-shezhi--dayin-shezhi/default-target-20260520-plain-page.html[22m
[2m21:15:31[22m [36m[1m[vite][22m[39m [90m[2m(client)[22m[39m [32mhmr update [39m[2m/src/App.tsx[22m
[2m21:16:40[22m [36m[1m[vite][22m[39m [90m[2m(client)[22m[39m [32mpage reload [39m[2martifacts/dom-snapshots/shezhi--tongyong-shezhi--dayin-shezhi/default-clone-20260520-clone-4176-page.html[22m
[2m21:18:02[22m [36m[1m[vite][22m[39m [90m[2m(client)[22m[39m [32mhmr update [39m[2m/src/App.tsx[22m
[2m21:18:16[22m [36m[1m[vite][22m[39m [90m[2m(client)[22m[39m [32mpage reload [39m[2mtmp/write-expend-setting-dist/index.html[22m
[2m21:18:17[22m [36m[1m[vite][22m[39m [90m[2m(client)[22m[39m [32mpage reload [39m[2mtmp/write-expend-setting-dist/index.html[22m
[2m21:18:32[22m [36m[1m[vite][22m[39m [90m[2m(client)[22m[39m [32mpage reload [39m[2martifacts/dom-snapshots/yingyong-dingyue--quanyi-yu-dingyue--luke-shangcheng/default-clone-20260519-local-default-postdata-page.html[22m
[2m21:19:32[22m [36m[1m[vite][22m[39m [90m[2m(client)[22m[39m [32mhmr update [39m[2m/src/App.tsx[22m
[2m21:19:44[22m [36m[1m[vite][22m[39m [90m[2m(client)[22m[39m [32mpage reload [39m[2mtmp/print-setting-build/index.html[22m
[2m21:19:44[22m [36m[1m[vite][22m[39m [90m[2m(client)[22m[39m [32mpage reload [39m[2mtmp/print-setting-build/index.html[22m
[2m21:20:20[22m [36m[1m[vite][22m[39m [90m[2m(client)[22m[39m [32mpage reload [39m[2martifacts/dom-snapshots/yingyong-dingyue--quanyi-yu-dingyue--luke-shangcheng/default-target-20260519-target-default-postdata-page.html[22m
[2m21:20:25[22m [36m[1m[vite][22m[39m [90m[2m(client)[22m[39m [32mpage reload [39m[2martifacts/dom-snapshots/shezhi--tongyong-shezhi--dayin-shezhi/default-clone-20260520-clone-4176b-page.html[22m
[2m21:20:46[22m [36m[1m[vite][22m[39m [90m[2m(client)[22m[39m [32mpage reload [39m[2martifacts/dom-snapshots/yingyong-dingyue--quanyi-yu-dingyue--yingyong-dingyue/default-clone-20260519132042-page.html[22m
[2m21:21:25[22m [36m[1m[vite][22m[39m [90m[2m(client)[22m[39m [32mpage reload [39m[2mtmp/months-drawer-dist/index.html[22m
[2m21:21:25[22m [36m[1m[vite][22m[39m [90m[2m(client)[22m[39m [32mpage reload [39m[2mtmp/months-drawer-dist/index.html[22m
[2m21:21:30[22m [36m[1m[vite][22m[39m [90m[2m(client)[22m[39m [32mhmr update [39m[2m/src/App.tsx[22m
[2m21:24:31[22m [36m[1m[vite][22m[39m [90m[2m(client)[22m[39m [32mhmr update [39m[2m/src/App.tsx[22m
[2m21:27:38[22m [36m[1m[vite][22m[39m [90m[2m(client)[22m[39m [32mpage reload [39m[2martifacts/dom-snapshots/shezhi--tongyong-shezhi--dayin-shezhi/default-clone-20260520-clone-4177-page.html[22m
[2m21:29:56[22m [36m[1m[vite][22m[39m [90m[2m(client)[22m[39m [32mpage reload [39m[2mtmp/months-drawer-dist/index.html[22m
[2m21:29:56[22m [36m[1m[vite][22m[39m [90m[2m(client)[22m[39m [32mpage reload [39m[2mtmp/months-drawer-dist/index.html[22m
[2m21:30:18[22m [36m[1m[vite][22m[39m [90m[2m(client)[22m[39m [32mpage reload [39m[2martifacts/dom-snapshots/shezhi--tongyong-shezhi--caiwu-shezhi/default-clone-20260520-local-default-page.html[22m
[2m21:30:19[22m [36m[1m[vite][22m[39m [90m[2m(client)[22m[39m [32mpage reload [39m[2martifacts/dom-snapshots/shezhi--tongyong-shezhi--caiwu-shezhi/error-clone-20260520-local-error-page.html[22m
[2m21:30:19[22m [36m[1m[vite][22m[39m [90m[2m(client)[22m[39m [32mpage reload [39m[2martifacts/dom-snapshots/shezhi--tongyong-shezhi--caiwu-shezhi/empty-clone-20260520-local-empty-page.html[22m
[2m21:30:20[22m [36m[1m[vite][22m[39m [90m[2m(client)[22m[39m [32mpage reload [39m[2martifacts/dom-snapshots/shezhi--tongyong-shezhi--caiwu-shezhi/primary-action-clone-20260520-local-primary-page.html[22m
[2m21:30:37[22m [36m[1m[vite][22m[39m [90m[2m(client)[22m[39m [32mpage reload [39m[2mtmp/notification-setting-dist/index.html[22m
[2m21:31:04[22m [36m[1m[vite][22m[39m [90m[2m(client)[22m[39m [32mhmr update [39m[2m/src/App.tsx[22m
[2m21:32:29[22m [36m[1m[vite][22m[39m [90m[2m(client)[22m[39m [32mhmr update [39m[2m/src/App.tsx[22m
[2m21:32:55[22m [36m[1m[vite][22m[39m [90m[2m(client)[22m[39m [32mpage reload [39m[2mtmp/months-drawer-dist/index.html[22m
[2m21:32:55[22m [36m[1m[vite][22m[39m [90m[2m(client)[22m[39m [32mpage reload [39m[2mtmp/months-drawer-dist/index.html[22m
[2m21:32:59[22m [36m[1m[vite][22m[39m [90m[2m(client)[22m[39m [32mhmr update [39m[2m/src/App.tsx[22m
[2m21:34:53[22m [36m[1m[vite][22m[39m [90m[2m(client)[22m[39m [32mhmr update [39m[2m/src/App.tsx[22m
[2m21:35:11[22m [36m[1m[vite][22m[39m [90m[2m(client)[22m[39m [32mpage reload [39m[2mtmp/auto-strategy-setting-harness/dist/index.html[22m
[2m21:39:25[22m [36m[1m[vite][22m[39m [90m[2m(client)[22m[39m [32mpage reload [39m[2mtmp/locals-mall-harness/index.html[22m
[2m21:40:03[22m [36m[1m[vite][22m[39m [90m[2m(client)[22m[39m [32mpage reload [39m[2mtmp/auto-strategy-setting-harness/dist/index.html[22m
[2m21:40:03[22m [36m[1m[vite][22m[39m [90m[2m(client)[22m[39m [32mpage reload [39m[2mtmp/auto-strategy-setting-harness/dist/index.html[22m
[2m21:40:38[22m [36m[1m[vite][22m[39m [90m[2m(client)[22m[39m [32mpage reload [39m[2mtmp/print-setting-harness/index.html[22m
[2m21:40:48[22m [36m[1m[vite][22m[39m [90m[2m(client)[22m[39m [32mpage reload [39m[2mtmp/print-setting-harness/tmp/print-setting-build/index.html[22m
[2m21:41:15[22m [36m[1m[vite][22m[39m [90m[2m(client)[22m[39m [32mpage reload [39m[2mtmp/print-setting-build/index.html[22m
[2m21:41:16[22m [36m[1m[vite][22m[39m [90m[2m(client)[22m[39m [32mpage reload [39m[2mtmp/print-setting-build/index.html[22m
[2m21:42:40[22m [36m[1m[vite][22m[39m [90m[2m(client)[22m[39m [32mpage reload [39m[2martifacts/dom-snapshots/shezhi--tongyong-shezhi--dayin-shezhi/default-clone-20260519134237-page.html[22m
[2m21:43:15[22m [36m[1m[vite][22m[39m [90m[2m(client)[22m[39m [32mpage reload [39m[2mtmp/sort-setting-harness/index.html[22m
[2m21:43:16[22m [36m[1m[vite][22m[39m [90m[2m(client)[22m[39m [32mpage reload [39m[2mtmp/subscription-displacement-build/index.html[22m
[2m21:43:16[22m [36m[1m[vite][22m[39m [90m[2m(client)[22m[39m [32mpage reload [39m[2mtmp/subscription-displacement-build/index.html[22m
[2m21:43:35[22m [36m[1m[vite][22m[39m [90m[2m(client)[22m[39m [32mpage reload [39m[2martifacts/dom-snapshots/shezhi--tongyong-shezhi--duanxin-shezhi/default-clone-20260519134313-page.html[22m
[2m21:44:18[22m [36m[1m[vite][22m[39m [90m[2m(client)[22m[39m [32mpage reload [39m[2martifacts/dom-snapshots/shezhi--tongyong-shezhi--duanxin-shezhi/primary-action-clone-20260519134344-page.html[22m
[2m21:49:08[22m [36m[1m[vite][22m[39m [90m[2m(client)[22m[39m [32mpage reload [39m[2martifacts/dom-snapshots/yingyong-dingyue--quanyi-yu-dingyue--yingyong-dingyue/default-clone-20260519134904-page.html[22m
[2m21:50:26[22m [36m[1m[vite][22m[39m [90m[2m(client)[22m[39m [32mpage reload [39m[2martifacts/dom-snapshots/yingyong-dingyue--quanyi-yu-dingyue--yingyong-dingyue/default-clone-20260519135022-page.html[22m
[2m22:06:29[22m [36m[1m[vite][22m[39m [90m[2m(client)[22m[39m [32mpage reload [39m[2mtmp/months-drawer-dist/index.html[22m
[2m22:06:29[22m [36m[1m[vite][22m[39m [90m[2m(client)[22m[39m [32mpage reload [39m[2mtmp/months-drawer-dist/index.html[22m
[2m22:16:11[22m [36m[1m[vite][22m[39m [90m[2m(client)[22m[39m [32mhmr update [39m[2m/src/App.tsx[22m
[2m22:17:07[22m [36m[1m[vite][22m[39m [90m[2m(client)[22m[39m [32mhmr update [39m[2m/src/App.tsx[22m
[2m22:20:26[22m [36m[1m[vite][22m[39m [90m[2m(client)[22m[39m [32mpage reload [39m[2mtmp/months-drawer-dist/index.html[22m
[2m22:20:26[22m [36m[1m[vite][22m[39m [90m[2m(client)[22m[39m [32mpage reload [39m[2mtmp/months-drawer-dist/index.html[22m
[2m22:39:37[22m [36m[1m[vite][22m[39m [90m[2m(client)[22m[39m [32mpage reload [39m[2mtmp/months-drawer-dist/index.html[22m
[2m22:39:37[22m [36m[1m[vite][22m[39m [90m[2m(client)[22m[39m [32mpage reload [39m[2mtmp/months-drawer-dist/index.html[22m
[2m22:50:24[22m [36m[1m[vite][22m[39m [90m[2m(client)[22m[39m [32mpage reload [39m[2mtmp/months-drawer-dist/index.html[22m
[2m22:50:25[22m [36m[1m[vite][22m[39m [90m[2m(client)[22m[39m [32mpage reload [39m[2mtmp/months-drawer-dist/index.html[22m
[2m22:51:14[22m [36m[1m[vite][22m[39m [90m[2m(client)[22m[39m [32mpage reload [39m[2martifacts/dom-snapshots/fangtai--fangtai-guanli--yuefangtai/20260519-live-probe8-tag-tree-modal.html[22m
[2m22:54:27[22m [36m[1m[vite][22m[39m [90m[2m(client)[22m[39m [32mpage reload [39m[2mtmp/months-drawer-dist/index.html[22m
[2m22:54:27[22m [36m[1m[vite][22m[39m [90m[2m(client)[22m[39m [32mpage reload [39m[2mtmp/months-drawer-dist/index.html[22m
[2m22:58:42[22m [36m[1m[vite][22m[39m [90m[2m(client)[22m[39m [32mpage reload [39m[2mtmp/months-drawer-dist/index.html[22m
[2m22:58:42[22m [36m[1m[vite][22m[39m [90m[2m(client)[22m[39m [32mpage reload [39m[2mtmp/months-drawer-dist/index.html[22m
[2m23:09:59[22m [36m[1m[vite][22m[39m [90m[2m(client)[22m[39m [32mpage reload [39m[2mtmp/months-drawer-dist/index.html[22m
[2m23:09:59[22m [36m[1m[vite][22m[39m [90m[2m(client)[22m[39m [32mpage reload [39m[2mtmp/months-drawer-dist/index.html[22m
[2m00:06:48[22m [36m[1m[vite][22m[39m [90m[2m(client)[22m[39m [32mpage reload [39m[2m.tmp/capture-shezhi--xinxi-weihu--fangxing-xinxi-clone-delete-first-20260519120625/Default/Extensions/ngpampappnmepgilojfohadhhmbhlaek/6.42.64_0/captured.html[22m
[2m00:06:48[22m [36m[1m[vite][22m[39m [90m[2m(client)[22m[39m [32mpage reload [39m[2m.tmp/capture-shezhi--xinxi-weihu--fangxing-xinxi-clone-delete-first-20260519120625/Default/Extensions/ngpampappnmepgilojfohadhhmbhlaek/6.42.64_0/welcome.html[22m
[2m00:12:22[22m [36m[1m[vite][22m[39m [90m[2m(client)[22m[39m [32mpage reload [39m[2m.tmp/capture-shezhi--xinxi-weihu--fangxing-xinxi-clone-group-filter-20260519120552/Default/Extensions/ngpampappnmepgilojfohadhhmbhlaek/6.42.64_0/captured.html[22m
[2m00:12:22[22m [36m[1m[vite][22m[39m [90m[2m(client)[22m[39m [32mpage reload [39m[2m.tmp/capture-shezhi--xinxi-weihu--fangxing-xinxi-clone-group-filter-20260519120552/Default/Extensions/ngpampappnmepgilojfohadhhmbhlaek/6.42.64_0/welcome.html[22m
[2m00:21:31[22m [36m[1m[vite][22m[39m [90m[2m(client)[22m[39m [32mpage reload [39m[2m.tmp/verify-room-type-info-1779191967240-9753/Default/Extensions/ngpampappnmepgilojfohadhhmbhlaek/6.42.64_0/captured.html[22m
[2m00:21:31[22m [36m[1m[vite][22m[39m [90m[2m(client)[22m[39m [32mpage reload [39m[2m.tmp/verify-room-type-info-1779191967240-9753/Default/Extensions/ngpampappnmepgilojfohadhhmbhlaek/6.42.64_0/welcome.html[22m
[2m00:34:14[22m [36m[1m[vite][22m[39m [90m[2m(client)[22m[39m [32mpage reload [39m[2m.tmp/capture-shezhi--xinxi-weihu--fangxing-xinxi-clone-new-room-type-20260519120514/Default/Extensions/ngpampappnmepgilojfohadhhmbhlaek/6.42.64_0/captured.html[22m
[2m00:34:14[22m [36m[1m[vite][22m[39m [90m[2m(client)[22m[39m [32mpage reload [39m[2m.tmp/capture-shezhi--xinxi-weihu--fangxing-xinxi-clone-new-room-type-20260519120514/Default/Extensions/ngpampappnmepgilojfohadhhmbhlaek/6.42.64_0/welcome.html[22m
[2m00:37:10[22m [36m[1m[vite][22m[39m [90m[2m(client)[22m[39m [32mpage reload [39m[2m.tmp/capture-shezhi--xinxi-weihu--fangxing-xinxi-clone-store-filter-20260519120604/Default/Extensions/ngpampappnmepgilojfohadhhmbhlaek/6.42.64_0/captured.html[22m
[2m00:37:10[22m [36m[1m[vite][22m[39m [90m[2m(client)[22m[39m [32mpage reload [39m[2m.tmp/capture-shezhi--xinxi-weihu--fangxing-xinxi-clone-store-filter-20260519120604/Default/Extensions/ngpampappnmepgilojfohadhhmbhlaek/6.42.64_0/welcome.html[22m
[2m00:55:55[22m [36m[1m[vite][22m[39m [90m[2m(client)[22m[39m [32mpage reload [39m[2m.tmp/capture-shezhi--xinxi-weihu--fangxing-xinxi-clone-default-20260519120505/Default/Extensions/ngpampappnmepgilojfohadhhmbhlaek/6.42.64_0/captured.html[22m
[2m00:55:55[22m [36m[1m[vite][22m[39m [90m[2m(client)[22m[39m [32mpage reload [39m[2m.tmp/capture-shezhi--xinxi-weihu--fangxing-xinxi-clone-default-20260519120505/Default/Extensions/ngpampappnmepgilojfohadhhmbhlaek/6.42.64_0/welcome.html[22m
[2m01:04:50[22m [36m[1m[vite][22m[39m [90m[2m(client)[22m[39m [32mpage reload [39m[2m.tmp/verify-room-type-info-1779191947830-9711/Default/Extensions/ngpampappnmepgilojfohadhhmbhlaek/6.42.64_0/captured.html[22m
[2m01:04:50[22m [36m[1m[vite][22m[39m [90m[2m(client)[22m[39m [32mpage reload [39m[2m.tmp/verify-room-type-info-1779191947830-9711/Default/Extensions/ngpampappnmepgilojfohadhhmbhlaek/6.42.64_0/welcome.html[22m
[2m01:05:30[22m [36m[1m[vite][22m[39m [90m[2m(client)[22m[39m [32mpage reload [39m[2m.tmp/verify-room-type-info-1779191967240-9753/WasmTtsEngine/20260514.1/offscreen.html[22m
[2m01:10:43[22m [36m[1m[vite][22m[39m [90m[2m(client)[22m[39m [32mpage reload [39m[2m.tmp/capture-shezhi--xinxi-weihu--fangxing-xinxi-clone-default-20260519120505/WasmTtsEngine/20260514.1/offscreen.html[22m
[2m01:12:17[22m [36m[1m[vite][22m[39m [90m[2m(client)[22m[39m [32mpage reload [39m[2m.tmp/capture-shezhi--xinxi-weihu--fangxing-xinxi-clone-detail-first-20260519120524/WasmTtsEngine/20260514.1/offscreen.html[22m
[2m01:12:52[22m [36m[1m[vite][22m[39m [90m[2m(client)[22m[39m [32mpage reload [39m[2m.tmp/capture-shezhi--xinxi-weihu--fangxing-xinxi-clone-room-first-20260519120533/WasmTtsEngine/20260514.1/offscreen.html[22m
[2m01:13:03[22m [36m[1m[vite][22m[39m [90m[2m(client)[22m[39m [32mpage reload [39m[2m.tmp/capture-shezhi--xinxi-weihu--fangxing-xinxi-clone-search-20260519120614/WasmTtsEngine/20260514.1/offscreen.html[22m
[2m01:16:42[22m [36m[1m[vite][22m[39m [90m[2m(client)[22m[39m [32mpage reload [39m[2m.tmp/capture-shezhi--xinxi-weihu--fangxing-xinxi-clone-room-first-20260519120533/Default/Extensions/ngpampappnmepgilojfohadhhmbhlaek/6.42.64_0/captured.html[22m
[2m01:16:42[22m [36m[1m[vite][22m[39m [90m[2m(client)[22m[39m [32mpage reload [39m[2m.tmp/capture-shezhi--xinxi-weihu--fangxing-xinxi-clone-room-first-20260519120533/Default/Extensions/ngpampappnmepgilojfohadhhmbhlaek/6.42.64_0/welcome.html[22m
[2m01:16:53[22m [36m[1m[vite][22m[39m [90m[2m(client)[22m[39m [32mpage reload [39m[2m.tmp/verify-room-type-info-1779192268142-9725/WasmTtsEngine/20260514.1/offscreen.html[22m
[2m01:20:05[22m [36m[1m[vite][22m[39m [90m[2m(client)[22m[39m [32mpage reload [39m[2m.tmp/capture-shezhi--xinxi-weihu--fangxing-xinxi-clone-error-20260519120642/Default/Extensions/ngpampappnmepgilojfohadhhmbhlaek/6.42.64_0/captured.html[22m
[2m01:20:05[22m [36m[1m[vite][22m[39m [90m[2m(client)[22m[39m [32mpage reload [39m[2m.tmp/capture-shezhi--xinxi-weihu--fangxing-xinxi-clone-error-20260519120642/Default/Extensions/ngpampappnmepgilojfohadhhmbhlaek/6.42.64_0/welcome.html[22m
[2m01:26:55[22m [36m[1m[vite][22m[39m [90m[2m(client)[22m[39m [32mpage reload [39m[2m.tmp/verify-room-type-info-1779192268142-9725/Default/Extensions/ngpampappnmepgilojfohadhhmbhlaek/6.42.64_0/captured.html[22m
[2m01:26:55[22m [36m[1m[vite][22m[39m [90m[2m(client)[22m[39m [32mpage reload [39m[2m.tmp/verify-room-type-info-1779192268142-9725/Default/Extensions/ngpampappnmepgilojfohadhhmbhlaek/6.42.64_0/welcome.html[22m
[2m01:32:54[22m [36m[1m[vite][22m[39m [90m[2m(client)[22m[39m [32mpage reload [39m[2m.tmp/verify-room-type-info-1779192000755-9663/Default/Extensions/ngpampappnmepgilojfohadhhmbhlaek/6.42.64_0/captured.html[22m
[2m01:32:54[22m [36m[1m[vite][22m[39m [90m[2m(client)[22m[39m [32mpage reload [39m[2m.tmp/verify-room-type-info-1779192000755-9663/Default/Extensions/ngpampappnmepgilojfohadhhmbhlaek/6.42.64_0/welcome.html[22m
[2m01:46:41[22m [36m[1m[vite][22m[39m [90m[2m(client)[22m[39m [32mpage reload [39m[2m.tmp/capture-shezhi--xinxi-weihu--fangxing-xinxi-clone-empty-20260519120634/Default/Extensions/ngpampappnmepgilojfohadhhmbhlaek/6.42.64_0/captured.html[22m
[2m01:46:41[22m [36m[1m[vite][22m[39m [90m[2m(client)[22m[39m [32mpage reload [39m[2m.tmp/capture-shezhi--xinxi-weihu--fangxing-xinxi-clone-empty-20260519120634/Default/Extensions/ngpampappnmepgilojfohadhhmbhlaek/6.42.64_0/welcome.html[22m
[2m01:53:05[22m [36m[1m[vite][22m[39m [90m[2m(client)[22m[39m [32mpage reload [39m[2m.tmp/capture-shezhi--xinxi-weihu--fangxing-xinxi-clone-search-20260519120614/Default/Extensions/ngpampappnmepgilojfohadhhmbhlaek/6.42.64_0/captured.html[22m
[2m01:53:05[22m [36m[1m[vite][22m[39m [90m[2m(client)[22m[39m [32mpage reload [39m[2m.tmp/capture-shezhi--xinxi-weihu--fangxing-xinxi-clone-search-20260519120614/Default/Extensions/ngpampappnmepgilojfohadhhmbhlaek/6.42.64_0/welcome.html[22m
[2m01:54:54[22m [36m[1m[vite][22m[39m [90m[2m(client)[22m[39m [32mpage reload [39m[2m.tmp/capture-shezhi--xinxi-weihu--fangxing-xinxi-clone-linkage-first-20260519120542/Default/Extensions/ngpampappnmepgilojfohadhhmbhlaek/6.42.64_0/captured.html[22m
[2m01:54:54[22m [36m[1m[vite][22m[39m [90m[2m(client)[22m[39m [32mpage reload [39m[2m.tmp/capture-shezhi--xinxi-weihu--fangxing-xinxi-clone-linkage-first-20260519120542/Default/Extensions/ngpampappnmepgilojfohadhhmbhlaek/6.42.64_0/welcome.html[22m
[2m01:58:19[22m [36m[1m[vite][22m[39m [90m[2m(client)[22m[39m [32mpage reload [39m[2m.tmp/capture-shezhi--xinxi-weihu--fangxing-xinxi-clone-default-20260519203000/Default/Extensions/ngpampappnmepgilojfohadhhmbhlaek/6.42.64_0/captured.html[22m
[2m01:58:19[22m [36m[1m[vite][22m[39m [90m[2m(client)[22m[39m [32mpage reload [39m[2m.tmp/capture-shezhi--xinxi-weihu--fangxing-xinxi-clone-default-20260519203000/Default/Extensions/ngpampappnmepgilojfohadhhmbhlaek/6.42.64_0/welcome.html[22m
[2m02:04:38[22m [36m[1m[vite][22m[39m [90m[2m(client)[22m[39m [32mpage reload [39m[2m.tmp/capture-shezhi--xinxi-weihu--fangxing-xinxi-clone-detail-first-20260519120524/Default/Extensions/ngpampappnmepgilojfohadhhmbhlaek/6.42.64_0/captured.html[22m
[2m02:04:38[22m [36m[1m[vite][22m[39m [90m[2m(client)[22m[39m [32mpage reload [39m[2m.tmp/capture-shezhi--xinxi-weihu--fangxing-xinxi-clone-detail-first-20260519120524/Default/Extensions/ngpampappnmepgilojfohadhhmbhlaek/6.42.64_0/welcome.html[22m
[2m06:05:15[22m [36m[1m[vite][22m[39m [90m[2m(client)[22m[39m [32mpage reload [39m[2m.tmp/verify-room-type-info-1779192000755-9663/WasmTtsEngine/20260514.1/offscreen.html[22m
[2m06:06:16[22m [36m[1m[vite][22m[39m [90m[2m(client)[22m[39m [32mpage reload [39m[2m.tmp/capture-shezhi--xinxi-weihu--fangxing-xinxi-clone-default-20260519203000/WasmTtsEngine/20260514.1/offscreen.html[22m
[2m06:10:29[22m [36m[1m[vite][22m[39m [90m[2m(client)[22m[39m [32mpage reload [39m[2m.tmp/capture-shezhi--xinxi-weihu--fangxing-xinxi-clone-new-room-type-20260519120514/WasmTtsEngine/20260514.1/offscreen.html[22m
[2m10:22:08[22m [36m[1m[vite][22m[39m [90m[2m(client)[22m[39m [32mhmr update [39m[2m/src/App.tsx[22m
[2m10:24:03[22m [36m[1m[vite][22m[39m [90m[2m(client)[22m[39m [32mhmr update [39m[2m/src/App.tsx[22m
[2m10:26:13[22m [36m[1m[vite][22m[39m [90m[2m(client)[22m[39m [32mhmr update [39m[2m/src/App.tsx[22m
[2m10:28:50[22m [36m[1m[vite][22m[39m [90m[2m(client)[22m[39m [32mhmr update [39m[2m/src/App.tsx[22m
[2m10:39:29[22m [36m[1m[vite][22m[39m [90m[2m(client)[22m[39m [32mhmr update [39m[2m/src/components/AppShell.tsx[22m
[2m11:54:03[22m [36m[1m[vite][22m[39m [90m[2m(client)[22m[39m [32mpage reload [39m[2martifacts/dom-snapshots/fangtai--fangtai-guanli--yuefangtai/real-data-target-20260520-115215.html[22m
[2m11:54:52[22m [36m[1m[vite][22m[39m [90m[2m(client)[22m[39m [32mpage reload [39m[2mtmp/months-target-date-picker-open.html[22m
